0.1291919,1,0.7930132,-0.5121391,0.1932123,1.619694E+09,2940.897,2851.943
-1.093982,1,0.5222512,2.485184,-0.4346821,1.619694E+09,3002.659,3157.717
-0.6736595,1,1.746222,1.007826,0.9132671,1.619694E+09,2848.345,2904.325
2.537932,1,-1.271336,0.2928146,1.793388,1.619694E+09,2863.735,2908
12.56003,1,2.19739,-0.2089594,0.9966051,1.619694E+09,3117.849,2800.236
1.088767,1,0.4331308,1.858092,1.107491,1.619694E+09,2906.585,2972.771
-3.585625,1,-1.5702,-0.0660264,-0.2780863,1.619694E+09,3132.361,2968.465
2.752272,1,-0.9349056,-0.162765,1.019205,1.619694E+09,3062.492,2937.175
-0.136722,1,0.06349335,-0.1998607,0.04543718,1.619694E+09,2995.428,2989.354
4.533263,1,-0.002393336,0.3005617,1.57578,1.619694E+09,2899.588,3042.802
-0.8943092,1,-2.276781,-0.7639073,0.2182885,1.619694E+09,2917.157,2922.228
-2.171257,1,0.7574123,0.08196191,-1.046535,1.619694E+09,2965.165,2870.612
-5.333259,1,-0.5484055,0.7430283,-0.2886887,1.619694E+09,2846.171,2922.043
-3.195952,1,0.1725495,-0.08402219,0.4815503,1.619694E+09,2974.443,3001.195
-6.451395,1,0.562853,-0.7928945,-1.216376,1.619694E+09,2885.006,2984.758
2.776822,1,1.511818,-0.9221537,0.3081369,1.619694E+09,3001.233,2929.654
-2.279254,1,0.6590252,0.8615624,-0.5201783,1.619694E+09,2977.703,3118.888
1.537593,1,1.122028,2.002942,-0.4423138,1.619694E+09,3088.777,3034.051
-4.299308,1,-0.7846414,0.936551,-0.5993128,1.619694E+09,2940.784,3050.697
6.278553,1,-0.4256923,-1.615735,1.294578,1.619694E+09,2934.428,2970.669
5.492472,1,0.3929976,-0.5750566,0.8353912,1.619694E+09,2931.748,3022.364
0.7007102,1,0.03675713,-0.003973089,-0.5660151,1.619694E+09,2998.414,3200.72
1.836673,1,-1.032084,-0.6761126,0.7884194,1.619694E+09,2955.74,3101.198
-15.33589,1,-1.264861,-1.049628,-1.165929,1.619694E+09,3035.256,2969.754
-3.03769,1,-0.2269653,-0.5432805,-0.53082,1.619694E+09,3007.317,2897.476
-0.1884826,1,0.7455893,0.5561445,-0.001058737,1.619694E+09,3000.716,2973.261
-4.734012,1,0.3328192,0.2528377,-0.5125624,1.619694E+09,2981.24,2980.089
1.983678,1,-1.12404,-0.9018147,1.242867,1.619694E+09,2923.43,3013.112
-7.469755,1,-0.7061308,0.8243914,-0.6605828,1.619694E+09,2977.894,3014.58
-1.292781,1,-0.7275439,-1.56028,0.1666242,1.619694E+09,2901.641,3036.207
-4.950301,1,-1.834314,0.537994,-0.5532053,1.619694E+09,2889.572,3067.398
2.567873,1,-0.4076879,-1.268354,0.09818141,1.619694E+09,2906.185,3207.204
-7.563438,1,0.02686119,0.6405199,-1.146666,1.619694E+09,3067.862,2945.897
-7.661575,1,0.9116287,-0.5357618,-1.249927,1.619694E+09,2842.25,2892.951
-4.560847,1,1.634346,-1.019643,-0.2021117,1.619694E+09,2913.006,2962.754
-0.9005972,1,0.06068562,-0.8078815,0.1775003,1.619694E+09,3048.468,2951.486
9.309262,1,1.847573,0.05682522,1.307647,1.619694E+09,2981.395,3027.479
-9.169972,1,0.08012495,0.9502114,-1.342935,1.619694E+09,3154.555,2952.049
8.614999,1,1.418556,-1.126763,0.861083,1.619694E+09,2938.862,3079.811
4.769185,1,1.458616,-0.2011683,0.232875,1.619694E+09,2965.224,2899.555
4.531002,1,0.05587734,-0.2284959,1.042257,1.619694E+09,2836.348,3010.499
3.383957,1,-1.517241,0.5587162,1.329098,1.619694E+09,3002.038,2884.401
7.538069,1,-0.04857922,0.7487454,0.945958,1.619694E+09,3089.174,3057.813
-7.783306,1,-0.2143566,1.918204,-0.9856255,1.619694E+09,2912.725,2840.438
-6.729957,1,2.095818,1.007208,-1.215867,1.619694E+09,3089.005,2969.15
-12.79308,1,0.2023229,3.253349,-1.629206,1.619694E+09,2965.613,3044.947
-0.1510673,1,0.5177237,-0.161748,0.09231624,1.619694E+09,2781.322,2902.295
3.481381,1,1.678143,0.3337556,-0.02211742,1.619694E+09,3088.006,3019
2.994874,1,0.3852448,-1.178673,0.5134779,1.619694E+09,3072.386,3073.145
-2.53474,1,-1.281887,1.077604,-0.2295536,1.619694E+09,3021.985,2950.74
7.349762,1,-0.5821508,-0.996181,1.261516,1.619694E+09,3078.987,2995.731
-2.001673,1,1.774119,0.5270307,-0.2384356,1.619694E+09,2977,2988.733
-15.77308,1,-0.210672,-1.490826,-1.997813,1.619694E+09,2918.15,3045.683
-0.6093345,1,-0.3521069,0.4413632,0.701076,1.619694E+09,3049.973,3202.033
10.93747,1,0.5851724,1.427359,1.220819,1.619694E+09,3015.919,2894.911
-0.7663715,1,1.013685,-0.06628188,-0.850924,1.619694E+09,3054.263,3073.465
-5.494647,1,-0.02256943,1.605023,-0.5636078,1.619694E+09,2984.335,3053.925
-2.464588,1,-0.9031549,-0.8478208,0.2772344,1.619694E+09,3043.879,2868.573
10.18702,1,0.907773,1.042177,0.9707189,1.619694E+09,3148.787,2974.996
6.667847,1,1.161943,-0.3061506,0.9526308,1.619694E+09,3006.017,3031.42
-0.6141776,1,-0.4579534,-0.7920915,-0.3969533,1.619694E+09,2915.099,3040.655
3.348372,1,0.9279566,1.421659,-0.002195472,1.619694E+09,3233.969,3099.442
-5.888245,1,-2.102935,-0.1542551,-0.3669246,1.619694E+09,2987.88,3085.577
-3.379308,1,-1.677167,-0.1316846,0.03989519,1.619694E+09,2804.979,3019.713
13.52315,1,1.765656,-0.8848119,1.830764,1.619694E+09,3053.871,3083.433
-4.717222,1,0.7944474,1.713451,-1.105305,1.619694E+09,3169.352,3084.679
-9.592417,1,-0.4838696,0.1593627,-0.9704792,1.619694E+09,2920.903,3195.411
0.3764305,1,1.928359,2.105014,-1.333301,1.619694E+09,2892.474,2785.074
3.288883,1,-0.3841162,-0.2940011,0.7470066,1.619694E+09,2939.212,3097.112
-7.275559,1,-1.586677,-0.6588202,-1.213379,1.619694E+09,3075.44,3114.506
5.200295,1,0.2143017,-0.4988536,0.7260075,1.619694E+09,3045.348,2947.46
-7.574102,1,-1.138282,-0.2016032,-0.4299248,1.619694E+09,2987.657,3025.032
-1.056917,1,0.4894135,-0.4325591,-0.1325757,1.619694E+09,2923.69,2957.059
1.576283,1,-1.752637,-0.3931314,1.031496,1.619694E+09,3022.827,2981.748
-2.103045,1,0.5010171,0.3465734,0.006971394,1.619694E+09,3111.946,2989.669
2.476849,1,0.08675621,-0.4868408,0.433409,1.619694E+09,3015.657,2936.616
6.916177,1,0.1910735,-0.8226405,1.287369,1.619694E+09,2931.123,2872.895
-16.93095,1,0.831839,0.2195311,-2.418264,1.619694E+09,3045.295,2961.605
-11.56919,1,-0.6790324,2.121622,-1.372651,1.619694E+09,2893.245,3051.676
-4.824172,1,0.2958623,0.8985757,-0.4794,1.619694E+09,3040.156,2982.203
-0.4598528,1,1.112166,1.092546,0.01101352,1.619694E+09,2993.523,3000.426
3.962598,1,0.3625899,0.3578929,0.6287441,1.619694E+09,3031.55,2872.594
14.11278,1,-0.2709151,-0.6313724,1.976063,1.619694E+09,2939.432,2979.789
-2.12369,1,-0.1969457,0.6536719,0.4615582,1.619694E+09,2909.241,3116.447
6.677087,1,0.06695452,1.678348,0.5260161,1.619694E+09,3226.161,2997.662
-15.42948,1,-0.8678017,-1.528601,-2.050183,1.619694E+09,2939.677,3089.716
-4.072601,1,-0.3620057,0.5923349,-0.5508336,1.619694E+09,2870.214,2982.328
-7.039727,1,-1.13955,-1.240085,-0.579275,1.619694E+09,3050.645,3111.371
1.334751,1,-0.8153713,-1.270346,0.528144,1.619694E+09,2914.667,2945.811
0.1398009,1,1.310246,-1.220094,-0.1397537,1.619694E+09,2849.397,2903.66
9.363482,1,-0.258361,0.6229293,1.545938,1.619694E+09,3120.233,3037.645
9.48068,1,0.6062649,-0.01126101,1.173737,1.619694E+09,2897.213,2901.533
6.953304,1,0.3134482,0.4463973,0.6399407,1.619694E+09,3093.827,3089.756
-0.7345666,1,0.05360308,-0.2060084,-0.04851838,1.619694E+09,2945.685,3012.926
2.34079,1,1.128254,0.4126525,-0.4343448,1.619694E+09,3051.31,3103.37
-3.206371,1,-0.5581335,-0.06916682,-0.2823131,1.619694E+09,2964.741,2965.771
9.266971,1,1.535959,-0.33325,1.33973,1.619694E+09,3132.653,3045.228
4.02374,1,-0.06244635,-0.3979355,1.046641,1.619694E+09,2885.985,2930.526
2.111429,1,0.02157522,-0.5011504,0.749215,1.619694E+09,3141.311,2976.099
-2.012839,1,-2.089828,-0.7727382,0.5779979,1.619694E+09,2939.782,2899.27
1.672176,1,-0.8108886,-1.712396,0.3658332,1.619694E+09,2955.833,3192.672
0.9181947,1,-2.94379,-0.7992187,0.9314218,1.619694E+09,3024.364,3005.143
-7.84964,1,-0.0187957,-1.410855,-1.906772,1.619694E+09,3059.678,3180.052
-0.9881141,1,-0.3546801,0.5327582,0.05198852,1.619694E+09,2987.996,2944.854
-10.04362,1,0.03557019,-0.3977008,-0.8484998,1.619694E+09,2793.026,3010.706
1.216595,1,0.4941192,-0.2843533,-0.3681674,1.619694E+09,3058.563,3078.912
3.904265,1,-0.6598085,0.1249841,0.6246941,1.619694E+09,3048.939,2975.574
9.794501,1,1.001142,0.7801267,1.220259,1.619694E+09,2899.34,3038.418
-10.09783,1,1.072084,-0.8755972,-2.239783,1.619694E+09,3126.965,2883.076
5.516089,1,0.7557657,-1.159365,-0.3686754,1.619694E+09,3112.392,3151.827
-5.286447,1,-1.455465,-0.1458688,-0.08708566,1.619694E+09,3084.248,3007.298
9.260233,1,0.942871,-1.678429,1.341972,1.619694E+09,3162.061,2947.232
10.10498,1,-1.870275,-1.322585,1.69408,1.619694E+09,3044.767,2947.547
0.4079957,1,-0.2532722,-0.5588774,0.6495021,1.619694E+09,2770.109,3074.69
1.683892,1,-0.2925619,-2.489781,0.3661827,1.619694E+09,2992.084,2881.759
-3.712185,1,0.2187681,1.179189,-0.3083704,1.619694E+09,2947.694,2864.529
0.1537975,1,-1.355069,0.7937049,0.5145671,1.619694E+09,2958.242,2978.771
-7.499384,1,-0.1227272,1.607435,-0.901121,1.619694E+09,3030.488,2991.052
0.4042026,1,-0.4518651,0.06594797,0.1956588,1.619694E+09,2996.863,3025.703
-2.090716,1,0.09724812,1.029005,-0.1573394,1.619694E+09,3010.512,3120.429
-11.3792,1,-0.3181023,-0.6665832,-1.230885,1.619694E+09,3246.252,2982.597
3.535026,1,-0.5837623,-0.3467479,0.4777352,1.619694E+09,2936.001,3069.022
-1.477818,1,0.0672848,-0.435833,-0.03898155,1.619694E+09,3121.139,3041.338
1.242022,1,0.3554662,-1.947004,-0.2209772,1.619694E+09,3071.116,2856.952
-0.6353544,1,-0.02101158,-0.8379083,-0.06989823,1.619694E+09,2979.738,2870.033
-0.17104,1,1.248627,-0.7415289,-1.131021,1.619694E+09,3141.124,3140.335
12.44421,1,-0.8846874,-1.415116,2.178563,1.619694E+09,3128.881,2978.065
-5.566292,1,-0.885007,1.135152,0.02845975,1.619694E+09,3058.547,3213.249
3.851491,1,-0.45073,0.1631209,1.252645,1.619694E+09,3127.898,2816.653
0.3423488,1,1.291313,-0.4773945,0.2563623,1.619694E+09,2912.61,2988.949
-1.888103,1,0.3788396,-0.5286652,-0.2072896,1.619694E+09,2986.14,3076.571
2.819508,1,1.500683,-0.9154596,0.6975264,1.619694E+09,2880.48,3032.35
3.971425,1,-0.2687769,-2.16715,0.704273,1.619694E+09,3032.941,2926.462
-7.602441,1,1.27505,-0.4203407,-0.9506785,1.619694E+09,2891.757,3114.572
1.228836,1,0.321495,1.234856,0.1917777,1.619694E+09,2948.268,2972.176
9.144338,1,1.654943,0.4877419,1.525363,1.619694E+09,2992.185,3105.684
2.072854,1,-1.191656,-0.7751174,0.8603751,1.619694E+09,2965.074,3036.751
2.795287,1,-0.04698659,0.7800714,0.9916753,1.619694E+09,2774.17,3084.751
-19.66251,1,-1.60004,-1.40725,-2.47461,1.619694E+09,2971.347,2873.718
0.3848451,1,-1.115366,1.819531,0.3727062,1.619694E+09,3028.06,3052.824
-2.288604,1,0.8946589,1.597875,0.4177504,1.619694E+09,2844.387,3108.941
6.747424,1,-0.7055339,0.1514922,0.9375362,1.619694E+09,3054.418,2930.052
-5.327918,1,-0.9534581,0.1855696,0.2580229,1.619694E+09,2846.149,3142.103
6.966395,1,0.9966899,-1.303313,0.7658944,1.619694E+09,2970.754,3143.902
-8.04672,1,-0.6650308,1.082043,-0.4955712,1.619694E+09,2988.88,2870.469
-1.569952,1,-1.630966,-0.4109087,0.5947447,1.619694E+09,3025.856,2910.294
6.999829,1,0.7462178,-0.04178453,-0.2367502,1.619694E+09,3038.903,2811.522
-6.043495,1,-0.9681268,-1.660846,-0.327305,1.619694E+09,3201.554,3002.75
-9.827991,1,-0.3041997,-0.5797333,-0.8531507,1.619694E+09,2967.633,2909.258
8.267706,1,0.6646096,-0.8207505,1.493702,1.619694E+09,3037.866,2835.244
7.738781,1,0.5511163,-0.763379,1.270587,1.619694E+09,2840.408,3025.234
-15.50289,1,-0.6917499,-0.3772029,-1.903092,1.619694E+09,3067.107,3064.231
-9.338771,1,-1.317179,0.5473167,-0.8178836,1.619694E+09,3042.572,2965.306
-2.411587,1,0.0733931,1.648292,-0.08857792,1.619694E+09,3068.96,2948.474
5.408983,1,0.6183648,-0.09393607,1.375234,1.619694E+09,2900.928,3039.817
-1.516963,1,0.5858741,0.1814227,-0.04406907,1.619694E+09,3084.174,3095.356
-3.291154,1,0.9595044,0.08061107,-0.9369428,1.619694E+09,3169.763,3026.018
-7.603324,1,-0.8202406,0.4653126,-0.7999263,1.619694E+09,3158.64,2794.987
-21.76466,1,0.4433313,-1.246979,-2.410566,1.619694E+09,2923.361,3028.797
-7.625684,1,-1.167474,-0.1435906,-1.16064,1.619694E+09,2971.808,3036.195
-0.6392884,1,0.2229682,-0.6867941,-0.6919694,1.619694E+09,3000.601,2831.326
0.363615,1,0.01194865,-0.5391973,0.2176093,1.619694E+09,2943.403,3124.717
-3.785326,1,-0.1646026,0.3818024,-1.102989,1.619694E+09,3058.531,2822.981
-4.056915,1,-1.476134,-0.3622903,-0.3106776,1.619694E+09,3010.656,3022.284
1.176565,1,-0.4307199,-0.2749843,0.717638,1.619694E+09,2869.165,2943.948
-0.4791964,1,0.6438659,-0.8346804,-0.5941657,1.619694E+09,2990.234,2949.187
2.61312,1,1.848703,0.8045021,0.3784995,1.619694E+09,2858.131,2906.117
-3.169408,1,0.8340054,-0.4651154,-0.6851564,1.619694E+09,2974.709,3163.565
-11.21634,1,-1.817992,-0.02973809,-0.985081,1.619694E+09,3003.115,2934.718
-3.917717,1,-0.3215426,-0.6348211,-0.4003801,1.619694E+09,2996.497,3083.921
7.310081,1,1.21648,-2.08875,0.3255066,1.619694E+09,3051.582,2938.841
-11.40302,1,-1.482362,0.2905248,-1.168436,1.619694E+09,3033.239,2962.828
1.73146,1,-0.4740369,-1.110125,0.4212993,1.619694E+09,3094.312,2948.477
-2.007002,1,-2.124202,0.04811665,0.3486553,1.619694E+09,3031.165,2965.823
-0.8393613,1,-0.6648494,1.213769,0.3493408,1.619694E+09,2891.06,3068.392
6.114202,1,-0.4167719,0.4223107,1.080741,1.619694E+09,3106.252,3079.834
0.01751669,1,-0.2249954,0.4347757,0.062535,1.619694E+09,2900.934,2920.02
-0.6746476,1,0.3834937,1.003396,-0.7560774,1.619694E+09,3114.956,3022.963
2.461857,1,0.4584514,-0.01982721,-0.4021343,1.619694E+09,3088.192,3169.355
-4.50622,1,-1.662898,0.2130798,-0.4444302,1.619694E+09,3116.2,2923.153
-8.422918,1,0.05334298,0.504647,-0.9993098,1.619694E+09,2990.248,2845.685
1.601532,1,-0.5261056,-0.2860516,0.2020531,1.619694E+09,2990.677,2867.94
0.5217372,1,-0.07395778,-1.708898,0.2279937,1.619694E+09,3066.96,2932.418
-3.586286,1,-0.3992577,0.3303876,0.2075888,1.619694E+09,2927.526,2963.3
-3.831303,1,-0.5541232,0.8335901,-0.5953352,1.619694E+09,3227.612,2948.613
2.20369,1,0.07072496,-0.1086999,0.5246987,1.619694E+09,2973.418,2904.075
1.035144,1,0.1459829,-1.4011,0.04378833,1.619694E+09,2961.37,2987.834
7.21142,1,0.1891425,0.676801,1.386814,1.619694E+09,2984.92,3066.594
3.260179,1,0.04495135,-1.790695,0.6167803,1.619694E+09,2948.576,3123.872
4.024679,1,0.5817838,-0.4603736,0.7556916,1.619694E+09,3034.325,3118.394
-6.281898,1,0.5988546,-0.31616,-1.41864,1.619694E+09,2996.977,3149.836
-2.67109,1,0.7035784,-1.534535,-0.2730597,1.619694E+09,2950.218,2971.09
-0.03764502,1,-1.174661,0.2149441,1.217617,1.619694E+09,3087.149,3192.369
-4.571117,1,-0.2975603,0.403798,-0.669668,1.619694E+09,3007.427,3051.851
-12.83738,1,0.008393051,-0.4115574,-1.295771,1.619694E+09,3041.51,3047.659
3.684319,1,1.281114,-1.216094,0.4952249,1.619694E+09,3277.138,3030.26
4.218125,1,-0.444926,0.03028416,0.3505637,1.619694E+09,3171.423,3082.123
3.892622,1,1.194387,0.2395458,0.9606656,1.619694E+09,2876.583,3039.258
3.604374,1,0.3709555,0.0183152,0.3254007,1.619694E+09,3017.429,2855.955
-7.157036,1,1.637881,1.832411,-1.467645,1.619694E+09,3098.321,2913.11
6.964151,1,0.748074,0.7124969,0.5462928,1.619694E+09,3065.828,2701.354
-17.76426,1,-1.369989,-2.034187,-2.232682,1.619694E+09,3165.2,2994.945
7.032912,1,0.628965,-2.407876,0.2882842,1.619694E+09,2874.413,3129.951
3.43573,1,0.08618575,-0.7103549,0.5438344,1.619694E+09,3088.104,2864.86
-13.42993,1,-0.2176119,-1.619573,-1.191985,1.619694E+09,3074.255,2905.02
7.623128,1,0.1080469,-1.38232,-0.01769231,1.619694E+09,3000.874,3168.61
-6.456444,1,-0.2285066,1.792228,-0.9469779,1.619694E+09,2963.853,3024.429
0.5933168,1,0.9115481,-0.1885976,-0.4022124,1.619694E+09,2947.04,2861.192
-1.474619,1,-0.2672684,-1.127416,0.05612025,1.619694E+09,2895.714,3088.712
-2.659384,1,-0.2122067,-0.4799498,-0.1562948,1.619694E+09,2872.65,3002.817
-9.218169,1,0.9649816,-1.437392,-1.188506,1.619694E+09,3073.204,3027.909
8.510828,1,0.05842923,-1.049402,1.282268,1.619694E+09,3067.726,2992.443
-3.795064,1,2.60332,-1.566247,-0.4260943,1.619694E+09,2915.499,3012.304
-7.791597,1,-0.4122723,1.384877,-0.4371484,1.619694E+09,2950.173,2896.859
-3.139371,1,0.1906869,-0.7655397,-0.5826324,1.619694E+09,3142.303,3008.97
13.07553,1,-1.147141,0.5962055,2.361633,1.619694E+09,2951.949,3132.198
-9.577726,1,-0.1804183,0.1086919,-0.9817287,1.619694E+09,2922.873,2969.233
-14.71142,1,0.2459572,1.452906,-2.137179,1.619694E+09,3093.892,3147.858
-3.304844,1,-0.2262259,-0.6126711,-0.3241383,1.619694E+09,2898.529,2953.046
2.312172,1,-0.110384,-0.06516846,0.5531834,1.619694E+09,2984.289,2913.416
-5.366428,1,0.308464,0.2657098,-0.2679333,1.619694E+09,3013.645,3099.928
-7.409376,1,0.02812842,-0.01060245,-1.095598,1.619694E+09,3036.597,2890.813
-14.34657,1,0.2045363,0.3332064,-1.898108,1.619694E+09,3036.638,3085.363
5.272162,1,-1.726083,-0.7930521,1.460555,1.619694E+09,2957.921,2937.292
-14.62274,1,0.4924078,-1.191916,-1.510788,1.619694E+09,2910.043,3042.068
1.79965,1,2.064512,0.6939513,-0.5203168,1.619694E+09,2997.468,2960.413
-12.45673,1,-1.061444,-1.193168,-1.177333,1.619694E+09,3002.481,2961.025
2.376075,1,-0.8715833,-1.410408,1.229276,1.619694E+09,3056.1,3038.357
5.870577,1,0.4863782,0.4081157,1.120027,1.619694E+09,2836.11,3166.287
-5.849871,1,-2.212124,1.044787,-0.0753744,1.619694E+09,2937.406,2887.186
0.5135805,1,0.5489371,0.3934398,0.2932872,1.619694E+09,3096.933,2986.893
-7.035797,1,0.01897781,0.482697,-0.0288957,1.619694E+09,3004.29,2958.313
-5.814407,1,0.6060015,0.02858935,-0.3978164,1.619694E+09,2795.987,3065.236
6.447418,1,0.6398438,0.4144191,0.6554815,1.619694E+09,3028.595,2835.219
1.60551,1,0.6857679,-0.6127137,0.4913847,1.619694E+09,2811.717,2932.347
7.519348,1,-0.4062315,0.7686679,1.642906,1.619694E+09,2984.929,2869.453
3.792323,1,1.370358,-0.3146948,0.328591,1.619694E+09,2986.676,2959.462
5.749501,1,-0.2707085,0.3707033,1.461393,1.619694E+09,3137.54,3135.91
-1.312814,1,0.9521812,-1.930874,-0.3980795,1.619694E+09,2898.232,2933.875
-1.08117,1,0.7739106,0.7963114,-0.3555964,1.619694E+09,3080.938,2908.542
1.191559,1,-1.804041,-0.057951,0.5035616,1.619694E+09,3095.692,3012.826
3.026001,1,-0.964183,0.9273177,0.4008347,1.619694E+09,3063.813,2977.456
-5.49444,1,0.7194033,0.4968036,-1.098318,1.619694E+09,3179.197,3067.01
-1.490739,1,0.1533615,-0.7089385,0.1305792,1.619694E+09,3117.179,3053.78
8.150262,1,0.7724018,-0.7611229,0.7646587,1.619694E+09,3144.012,2994.473
-19.3138,1,-0.3703111,1.352764,-1.894856,1.619694E+09,2869.372,3050.21
-3.091095,1,0.2210846,2.396234,-0.2630383,1.619694E+09,2997.524,2935.975
-3.276399,1,-0.8850451,-0.4397486,-0.2078783,1.619694E+09,3049.043,3180.287
-8.551328,1,0.08992147,-0.2878684,-1.041877,1.619694E+09,2831.373,3099.872
-11.53047,1,-1.148683,1.37029,-1.542221,1.619694E+09,2917.038,3087.773
2.403711,1,-0.9753134,-0.9620213,0.7527781,1.619694E+09,2976.135,2954.514
-2.27508,1,0.2880445,-0.1853977,-0.2653699,1.619694E+09,2997.42,2991.161
9.266045,1,1.599893,-1.528784,1.206606,1.619694E+09,3090.017,3003.966
-4.0211,1,1.479259,-0.7493333,-0.7979686,1.619694E+09,3142.928,3054.707
0.5904127,1,0.2304593,-0.783218,0.09586926,1.619694E+09,3005.945,2977.431
-0.9346067,1,-0.8040579,0.9025168,-0.130504,1.619694E+09,2945.111,3039.366
3.94922,1,0.08648233,-0.7831635,1.38843,1.619694E+09,3081.818,3012.358
-0.4588548,1,1.621991,-0.07875036,-0.2500193,1.619694E+09,2955.454,3016.129
-13.01562,1,-1.160686,3.309038,-1.364083,1.619694E+09,2963.95,2872.518
-2.696151,1,1.87786,0.661914,-0.8105675,1.619694E+09,2984.045,2882.28
9.042591,1,-0.2367161,1.362412,1.082438,1.619694E+09,3035.771,3012.666
5.169371,1,0.3592538,0.128487,1.294664,1.619694E+09,2777.624,3174.118
-6.571213,1,0.8515096,-0.9778729,-0.8166615,1.619694E+09,2988.463,2941.377
3.383045,1,0.5069744,-0.5248789,0.4759993,1.619694E+09,2877.596,2955.481
4.567782,1,0.09058693,1.291864,0.3731633,1.619694E+09,2880.485,2991.307
-9.517964,1,-0.8554014,-0.5276986,-1.019601,1.619694E+09,3063.134,3027.983
-1.586419,1,-0.06006965,0.1276043,0.2388127,1.619694E+09,2830.335,3010.702
-16.75892,1,0.695206,-0.7620418,-1.874411,1.619694E+09,3022.73,2999.398
7.919224,1,0.5945973,-0.9211721,0.9811913,1.619694E+09,2968.979,3174.412
15.82163,1,1.036962,0.2750163,2.240123,1.619694E+09,3122.454,2993.863
-5.45793,1,0.3479711,1.685769,-0.6918545,1.619694E+09,2934.18,2746.562
1.849178,1,0.06885244,-0.8633426,0.4053915,1.619694E+09,2967.392,3039.3
-10.97005,1,-0.7178993,-0.4994161,-1.059834,1.619694E+09,3265.076,3066.78
0.8713032,1,-0.1449562,-0.3040605,-0.4217093,1.619694E+09,3083.88,2982.207
-10.04335,1,0.7526939,1.431599,-1.40517,1.619694E+09,2919.704,2960.375
-0.7579964,1,-2.246763,-1.620824,0.3127866,1.619694E+09,2984.328,2947.991
-12.65061,1,-1.107552,-0.6441723,-0.7485362,1.619694E+09,2896.37,3087.868
9.241983,1,-1.603589,0.07521683,1.664824,1.619694E+09,2858.469,2946.065
-4.996338,1,0.5072121,-1.787154,-0.8868495,1.619694E+09,3090.811,3136.422
1.222648,1,0.8210315,-0.2704213,-0.6646478,1.619694E+09,2940.077,3166.649
2.400963,1,-1.26733,-0.5519248,0.7058905,1.619694E+09,2960.658,2976.354
-8.982201,1,0.199446,0.3302853,-0.9449109,1.619694E+09,2897.843,3049.559
7.37717,1,1.630868,-1.334544,0.4315442,1.619694E+09,2983.549,2912.196
2.057121,1,-0.2552107,-0.4695477,0.7590665,1.619694E+09,3003.107,2984.801
-1.863708,1,0.5769576,1.800842,-0.1029555,1.619694E+09,3000.085,3113.728
-0.2808259,1,-0.5370718,-0.6328129,0.06411807,1.619694E+09,3134.346,2771.695
5.03155,1,-0.6649269,-3.667053,0.5405145,1.619694E+09,2834.666,3165.26
2.183358,1,0.02654586,0.7977806,0.003114669,1.619694E+09,3163.25,3115.981
-1.523285,1,-0.4404886,0.2441542,-0.1246409,1.619694E+09,3048.181,2911.807
-0.9137153,1,-0.06751692,-0.2119547,-0.1589316,1.619694E+09,2835.978,3094.529
0.9764374,1,-0.09667611,-2.363688,0.6866214,1.619694E+09,2895.875,3009.765
-18.76263,1,-2.528543,0.574008,-1.710187,1.619694E+09,3008.034,2706.244
9.100751,1,-2.160788,1.283991,1.675706,1.619694E+09,3015.49,2997.972
-0.721248,1,1.337943,0.5041944,0.08475455,1.619694E+09,3064.111,3039.007
-2.058208,1,-1.174407,-1.327281,-1.071789,1.619694E+09,3012.743,2805.709
-4.507337,1,1.070733,0.9824781,-1.040215,1.619694E+09,3157.047,2936.184
1.64743,1,-1.049252,-0.7354612,0.4603968,1.619694E+09,3019.196,2969.233
-3.58574,1,1.227856,0.5893583,-0.8916821,1.619694E+09,2954.572,3072.972
2.300381,1,0.3755097,-1.772666,0.4292574,1.619694E+09,2918.112,2904.552
17.1178,1,1.352305,0.07514995,2.37787,1.619694E+09,3030.114,3085.803
-5.931166,1,-1.180904,0.4100658,-0.6263502,1.619694E+09,2844.995,2851.861
2.907088,1,-1.228188,0.8900463,1.309038,1.619694E+09,2927.48,2906.967
2.12576,1,0.4568264,1.596269,-0.1329768,1.619694E+09,2920.226,2898.339
-14.06922,1,-0.2509973,-0.9157982,-1.607704,1.619694E+09,3206.55,2978.831
-3.16504,1,-0.338366,-0.3807119,-1.307642,1.619694E+09,3204.926,3165.287
2.558434,1,0.01979677,1.468389,-0.04514868,1.619694E+09,3078.621,3072.53
5.487494,1,0.9685049,-0.7560979,0.7888905,1.619694E+09,3018.087,2976.776
-2.540941,1,1.136368,-0.6469278,-0.4893422,1.619694E+09,2932.062,3058.451
-4.261987,1,-1.489257,-0.3023381,0.8701603,1.619694E+09,3146.378,3241.545
10.89892,1,0.3472355,-0.4668124,1.545221,1.619694E+09,3044.47,3002.07
-1.196407,1,1.185031,0.9979172,-0.3197621,1.619694E+09,2841.636,3033.735
6.097396,1,2.298997,0.3493239,0.5376765,1.619694E+09,3012.083,3015.894
5.665535,1,0.5923665,-1.13915,1.036837,1.619694E+09,2927.039,3092.564
-19.58896,1,2.001171,0.8101606,-3.032542,1.619694E+09,2948.319,3083.956
6.115922,1,0.9873971,-0.6804288,0.5669188,1.619694E+09,3113.521,2890.607
0.2849966,1,0.1764444,-0.1526596,-0.05493163,1.619694E+09,2968.13,2979.914
0.6198317,1,-1.390881,1.114304,0.8736163,1.619694E+09,3009.278,2892.365
-0.2984257,1,-0.3487365,-0.5997496,0.2623384,1.619694E+09,3062.752,3025.993
-3.165041,1,0.2725066,1.062625,0.01784927,1.619694E+09,2971.276,2921.034
-9.978239,1,0.2696568,0.7480708,-2.695818,1.619694E+09,3027.692,2799.717
7.602899,1,0.4567796,-0.01663343,0.7490932,1.619694E+09,3035.878,3059.223
1.600876,1,0.6857803,0.3527116,-0.05535505,1.619694E+09,2907.8,2959.07
-13.37706,1,-2.166099,0.3355643,-1.538703,1.619694E+09,2900.105,2854.073
-9.068799,1,-0.637132,-0.4507504,-0.3781947,1.619694E+09,2972.255,3015.013
-1.425327,1,-2.263752,-1.201791,0.4174942,1.619694E+09,3015.375,2923.365
4.398226,1,-0.5200978,-1.648594,0.9017237,1.619694E+09,2889.349,3063.696
-1.220212,1,1.43161,-0.4649773,-0.07860257,1.619694E+09,2987.077,3007.18
-10.51449,1,-0.5549293,-0.7789726,-1.237886,1.619694E+09,3129.274,3052.068
-1.542361,1,1.910783,0.6471387,-0.3205461,1.619694E+09,3015.549,3070.468
4.534797,1,-0.9551354,0.7021126,1.26413,1.619694E+09,3013.899,3156.063
14.04372,1,0.5945935,-0.8112411,2.320994,1.619694E+09,2907.418,3111.337
-8.336204,1,-0.8504412,-0.35693,-0.3411507,1.619694E+09,2936.252,2943.09
-16.06503,1,0.3980916,-1.455711,-2.178367,1.619694E+09,2761.548,2908.17
-3.553862,1,-1.607587,0.4055106,-0.4132615,1.619694E+09,3020.707,3000.004
-5.72177,1,0.2949252,0.6536903,-0.6181114,1.619694E+09,3008.799,2989.234
12.04655,1,0.8255135,-0.5585045,1.058256,1.619694E+09,3066.913,2804.515
-2.901621,1,-2.93999,-0.2994506,-0.01172225,1.619694E+09,2813.301,2968.623
0.9132269,1,-0.2777307,1.100711,0.4444186,1.619694E+09,2847.688,2963.511
-0.408938,1,-0.2342225,-0.9900173,0.2353277,1.619694E+09,3221.779,2973.088
-3.396747,1,0.1753107,-0.6347532,0.02334774,1.619694E+09,2778.146,3052.025
8.290294,1,0.2536592,-0.5173014,1.281319,1.619694E+09,2846.125,2958.453
0.6472556,1,-2.626039,-1.023498,1.386801,1.619694E+09,3063.303,2899.545
0.155223,1,0.7577645,0.01184711,-0.04021913,1.619694E+09,3041.114,3016.673
8.92354,1,1.073735,-0.6339999,1.440681,1.619694E+09,2941.606,3028.208
-2.560007,1,0.6489979,1.368594,0.1200921,1.619694E+09,3094.258,3124.352
-1.869233,1,-0.3591585,1.337663,0.3424408,1.619694E+09,2946.553,2979.782
9.107167,1,0.6818586,-0.01443979,1.206254,1.619694E+09,2855.258,2843.385
-1.466349,1,-1.025935,0.5725173,0.2252609,1.619694E+09,2932.033,3022.34
-6.104485,1,0.4421189,1.244756,-1.239754,1.619694E+09,2992.135,2874
-1.326272,1,-0.2408455,0.01716528,-0.7999155,1.619694E+09,2984.352,3156.957
-10.04511,1,0.2727165,0.2584635,-1.708945,1.619694E+09,3017.704,2969.517
-0.5406979,1,0.3811596,1.048722,-0.2814456,1.619694E+09,2977.866,2850.889
-1.714106,1,-1.205344,0.749953,-0.01517258,1.619694E+09,3090.152,3023.268
-0.8578928,1,0.7782221,-0.605485,-0.02503079,1.619694E+09,2995.069,3056.57
6.419227,1,-1.120146,0.4840535,0.852439,1.619694E+09,2956.204,2967.36
2.758557,1,-0.123491,0.7012277,0.3702341,1.619694E+09,3047.17,3092.344
5.417248,1,-0.7035255,-0.2757255,1.532178,1.619694E+09,3071.483,2885.974
8.800856,1,1.813698,-0.09594961,1.013088,1.619694E+09,3020.129,2926.182
-2.967457,1,-0.4657252,0.1008464,0.444024,1.619694E+09,2958.682,2894.454
-6.921329,1,-0.9127778,-1.090196,-0.4931417,1.619694E+09,3034.326,3049.822
-8.651823,1,0.3859903,0.6142329,-0.3764624,1.619694E+09,2912.124,2913.615
-2.749496,1,0.09872074,1.25577,-0.8188825,1.619694E+09,3118.812,2921.456
3.861782,1,1.002297,1.214254,0.386295,1.619694E+09,3149.226,3049.496
-2.585749,1,-0.6457612,0.7086465,-0.02868296,1.619694E+09,3075.523,2984.472
1.283157,1,0.674174,0.8282248,0.4155661,1.619694E+09,2859.947,3062.609
0.4244677,1,-1.339609,-0.2759611,0.4124511,1.619694E+09,2971.602,2906.171
-10.49208,1,-1.900593,0.9001107,-1.168521,1.619694E+09,3001.061,2996.911
-3.823713,1,-1.419472,0.4005261,-0.2693385,1.619694E+09,3054.216,3021.902
-3.129986,1,2.956283,-2.43994,-0.3479282,1.619694E+09,2953.37,3013.454
-3.531634,1,-0.9055078,1.704883,0.4088469,1.619694E+09,2824.334,3084.574
-3.500789,1,0.6633465,-0.3535686,-0.3360518,1.619694E+09,3054.387,2979.109
8.30218,1,1.326715,-0.402792,0.8617378,1.619694E+09,3136.26,3003.34
1.468359,1,-0.3419812,-0.0156391,0.7809802,1.619694E+09,2906.966,3081.232
-2.675803,1,0.3508648,0.04372756,-1.69259,1.619694E+09,2782.278,3240.109
6.53653,1,-0.5858459,-0.8366317,1.55358,1.619694E+09,3128.352,3064.591
4.10929,1,0.568691,0.3758388,0.6709766,1.619694E+09,2964.399,3054.159
-8.43766,1,0.4236561,0.2497978,-1.308774,1.619694E+09,3097.427,3070.25
-7.383629,1,0.2416788,-0.2957551,-0.9962023,1.619694E+09,2849.837,2886.172
6.835118,1,0.3741155,0.2230103,1.146589,1.619694E+09,2962.901,3000.62
1.001892,1,0.8766906,0.6087845,-0.5938714,1.619694E+09,2977.865,2873.979
-3.309153,1,0.1481148,1.36922,-0.5221338,1.619694E+09,2908.936,2874.888
4.262685,1,0.9131163,-1.331168,0.3920596,1.619694E+09,2980.058,2956.113
-1.109749,1,0.1275133,-0.4080439,0.2068412,1.619694E+09,3122.222,3016.978
0.8925703,1,1.786988,1.751661,-0.3479135,1.619694E+09,3056.536,2937.425
11.65601,1,0.04159304,0.09842794,1.732487,1.619694E+09,3017.624,3163.085
-1.590916,1,-1.662687,0.7875013,0.7835281,1.619694E+09,3085.59,2845.396
5.676419,1,0.632922,0.2628057,1.241359,1.619694E+09,3149.614,2981.418
2.3859,1,-0.2764525,-0.7952225,0.3802121,1.619694E+09,3115.286,3102.58
-6.052154,1,-0.001693751,0.7602471,-0.1690384,1.619694E+09,2995.161,2990.488
-2.362233,1,1.890456,1.226,-0.5535445,1.619694E+09,3106.778,2998.753
3.627553,1,-0.3468894,-0.06737284,0.2989782,1.619694E+09,3154.352,2997.021
0.3910551,1,-1.270623,-1.589514,-1.218053,1.619694E+09,3066.08,3259.435
8.598476,1,0.7210959,-2.017513,0.620848,1.619694E+09,2965.857,3133.634
5.35746,1,-0.3526205,-0.6926482,0.765009,1.619694E+09,3201.165,2848.515
-8.35046,1,-0.9651274,1.938029,-0.7503893,1.619694E+09,3044.121,3119.244
6.39785,1,-1.190915,-1.045739,1.763686,1.619694E+09,3050.154,3111.214
21.39334,1,0.432016,-1.037298,2.703624,1.619694E+09,3018.605,2993.337
6.861229,1,-0.3554246,-0.6690415,1.378946,1.619694E+09,2835.831,2919.468
-7.346227,1,-0.118683,-0.0288715,-0.6736572,1.619694E+09,2989.932,2923.32
19.53561,1,0.83587,1.312238,2.474777,1.619694E+09,2967.232,2975.094
-1.499995,1,-1.004729,-0.390096,-0.1249827,1.619694E+09,3134.303,3008.713
7.592785,1,0.1649812,1.911994,1.078126,1.619694E+09,2896.014,2863.182
-3.939191,1,1.547521,0.7408978,-1.261106,1.619694E+09,3118.289,2860.992
-6.810948,1,0.3026278,0.2904165,-0.452146,1.619694E+09,2719.789,3030.527
-5.182707,1,2.150381,0.4066638,-1.027408,1.619694E+09,3104.06,3015.537
-1.504234,1,-0.1673508,0.4608184,0.06825883,1.619694E+09,3021.789,3021.445
-2.200245,1,0.9818625,-0.4546184,-0.2283709,1.619694E+09,3062.944,2981.977
-7.746922,1,1.012998,-0.750402,-0.942448,1.619694E+09,2904.171,2939.739
14.59375,1,0.5958235,-0.5163262,1.994114,1.619694E+09,2834.463,3174.002
-2.199397,1,-0.007025285,-0.795352,-0.1936227,1.619694E+09,3206.856,3108.489
5.273624,1,0.7323524,1.373565,1.172215,1.619694E+09,2877.202,3130.845
14.49013,1,0.1315034,-0.2531587,2.021494,1.619694E+09,3076.364,2904.034
11.77279,1,1.633461,0.5639533,0.8644861,1.619694E+09,3158.485,3048.074
-6.835763,1,-0.09812947,-1.600824,-1.345011,1.619694E+09,3119.544,2843.406
2.382219,1,-0.2132683,0.206637,0.7359386,1.619694E+09,3007.411,3119.878
-8.464941,1,-0.9340082,0.9998021,-0.9871848,1.619694E+09,2929.123,3100.11
-15.58758,1,-0.641327,0.5158576,-2.146003,1.619694E+09,2950.205,3002.802
2.729755,1,0.931688,-1.006815,0.6477387,1.619694E+09,2904.897,2970.827
-4.364754,1,-1.097875,0.8537284,0.2627816,1.619694E+09,3031.166,3106.697
5.265488,1,-0.07802687,-0.558107,0.4642771,1.619694E+09,3060.733,2973.577
2.61156,1,1.432655,0.7073717,0.0639279,1.619694E+09,2844.123,3052.981
-13.02156,1,-1.980548,0.5757293,-1.030013,1.619694E+09,3074.874,2905.834
7.154742,1,0.5162402,1.822915,1.378712,1.619694E+09,3024.366,2848.782
5.814893,1,0.3330736,0.861954,1.275021,1.619694E+09,3070.145,3024.384
6.508233,1,0.5725337,-1.454648,0.8973098,1.619694E+09,3062.909,2989.237
-13.618,1,-0.5046993,-0.3025851,-2.002894,1.619694E+09,2876.307,2969.532
-12.20513,1,1.348875,-0.1515951,-1.583507,1.619694E+09,2967.882,2904.91
-19.63747,1,0.5098541,-1.09066,-2.273113,1.619694E+09,2904.756,3022.223
11.36913,1,0.2484836,0.2603813,2.603131,1.619694E+09,2992.582,2806.581
-4.508773,1,0.3774035,2.481891,-0.4665037,1.619694E+09,3033.642,2898.802
-2.517027,1,-1.416996,-0.06310964,0.728617,1.619694E+09,2980.367,3062.937
-1.109407,1,-0.1571552,0.1282744,-0.1263848,1.619694E+09,3063.876,3018.617
-2.600142,1,-0.9273533,0.6100122,0.3403645,1.619694E+09,3095.341,3030.438
7.5342,1,-0.7855626,-0.04816105,1.4955,1.619694E+09,2856.335,3033.732
7.295896,1,-0.5139967,-0.2479571,1.120879,1.619694E+09,3068.49,3034.729
-8.100313,1,-0.3150267,0.06961205,-1.071628,1.619694E+09,3044.103,2878.274
13.37704,1,0.2843296,0.1252584,1.969087,1.619694E+09,2849.662,2931.742
-6.245672,1,0.1220675,-0.4330869,-1.59647,1.619694E+09,2951.836,2820.234
-10.88575,1,-1.251684,0.08233018,-0.9020324,1.619694E+09,2958.918,2992.955
-0.7330632,1,1.424948,0.6486685,-0.4608218,1.619694E+09,3039.092,2985.064
2.706086,1,0.4043333,0.1558771,0.6787126,1.619694E+09,2928.74,2953.298
0.07031539,1,0.5278721,-0.9439276,-0.5172194,1.619694E+09,3114.044,3065.383
-5.534008,1,-0.02272424,0.11847,-0.6700942,1.619694E+09,3066.444,2938.756
-0.2022875,1,2.142509,0.07985348,-0.9876044,1.619694E+09,3005.241,3116.202
-5.159448,1,0.7676541,0.7968582,-0.9386392,1.619694E+09,3127.273,3009.926
11.61202,1,1.251847,0.6617516,2.220354,1.619694E+09,3103.926,3072.683
-8.545576,1,0.1936082,-0.6690353,-0.7268291,1.619694E+09,3022.02,3071.347
13.52513,1,2.006652,1.549096,1.409145,1.619694E+09,3130.381,3047.195
1.646674,1,0.8325024,0.425071,0.2907632,1.619694E+09,2909.148,2975.093
-11.4605,1,-0.9717615,0.4285999,-0.5968347,1.619694E+09,2994.951,3050.292
-4.457367,1,1.958956,-0.719608,-1.020876,1.619694E+09,2863.283,3073.739
19.67702,1,1.968447,-0.7283459,1.606667,1.619694E+09,3177.021,2780.689
-15.34307,1,-0.6677238,-0.3746145,-1.584809,1.619694E+09,2887.369,2952.584
8.850533,1,2.851792,-0.8389563,1.009229,1.619694E+09,3177.858,3021.493
-4.43153,1,-0.3664002,-0.2670755,-0.03045167,1.619694E+09,3133.823,3060.081
8.292207,1,0.8331544,0.7210993,1.120655,1.619694E+09,2999.694,3009.886
-6.634702,1,0.6059981,1.182783,-1.118704,1.619694E+09,2995.173,3065.302
5.778414,1,0.267087,0.1411036,1.604405,1.619694E+09,2942.249,2947.822
7.669974,1,-0.1365255,-1.467262,1.780505,1.619694E+09,2845.221,2991.723
-3.970778,1,-0.5757595,-0.4763063,-0.2914157,1.619694E+09,2824.614,3028.366
18.74469,1,0.9167781,-1.98406,2.668227,1.619694E+09,3093.952,2881.511
1.724291,1,-0.6774469,-0.02504425,-0.05404649,1.619694E+09,2998.407,3084.487
2.77795,1,0.5741941,-0.1213043,0.1372645,1.619694E+09,2986.177,2960.507
1.520483,1,0.005898874,-0.461053,0.2585239,1.619694E+09,3024.991,2982.839
15.80813,1,0.6978031,-0.1313387,2.546065,1.619694E+09,2960.783,3148.91
3.098832,1,1.203868,2.691695,0.2398082,1.619694E+09,2940.42,3031.553
0.8057675,1,-0.6898052,0.6013913,0.7035502,1.619694E+09,2850.964,2959.413
-18.96989,1,-0.143218,1.093258,-2.58115,1.619694E+09,2877.208,3014.755
5.784507,1,1.656211,-0.9226887,0.3132724,1.619694E+09,2976.942,2947.655
0.8139117,1,2.232344,-2.094951,-0.164484,1.619694E+09,2922.646,3031.32
-9.084886,1,0.3768122,0.6150659,-0.9294363,1.619694E+09,2961.831,3033.004
1.387022,1,0.09559717,1.638606,0.9494372,1.619694E+09,2822.824,2957.815
-2.058871,1,-0.1687881,-0.9522571,0.01477975,1.619694E+09,3046.048,3027.419
2.252916,1,0.4984004,-0.9843822,0.3338359,1.619694E+09,3021.21,2964.5
2.758967,1,0.5295449,-1.516289,-0.1280619,1.619694E+09,3019.525,3107.122
-2.673682,1,1.5348,-0.5064511,-0.0566759,1.619694E+09,2935.28,2939.383
0.05622784,1,0.6793622,1.839448,0.003830888,1.619694E+09,3083.045,3266.749
11.49884,1,0.773086,0.04237877,1.268883,1.619694E+09,3171.164,3200.278
-4.380484,1,-0.8350444,0.3588801,-0.837513,1.619694E+09,3036.267,2799.247
-2.606899,1,-0.4052533,-0.735199,-0.06937192,1.619694E+09,3015.917,2942.969
-2.45856,1,-0.7509089,0.357749,0.06016089,1.619694E+09,3013.034,3027.921
-8.483294,1,-1.977287,0.1935953,-0.2923769,1.619694E+09,3160.446,2985.154
14.15451,1,0.5783803,-2.121149,1.800872,1.619694E+09,2876.07,3199.142
4.761735,1,-0.1303924,2.15582,1.120762,1.619694E+09,3002.043,2891.124
5.895805,1,1.480844,-1.314798,-0.3044389,1.619694E+09,3176.753,3085.78
5.724655,1,0.4890035,0.1348563,0.08542395,1.619694E+09,3113.069,2979.448
3.838399,1,-0.2261288,-0.2494324,0.6903167,1.619694E+09,3176.939,3109.083
-10.62381,1,0.3268472,1.027043,-1.175382,1.619694E+09,2975.954,3076.104
-3.463369,1,1.875494,0.1149131,-0.714193,1.619694E+09,2992.243,2859.436
-3.64481,1,-0.3023764,-0.8605993,-0.2678266,1.619694E+09,2880.982,2994.425
-21.3599,1,0.5251501,-0.2690293,-2.567653,1.619694E+09,3038.607,3014.813
6.452582,1,-2.189346,-0.2206746,0.9520836,1.619694E+09,2985.873,3062.225
7.005008,1,2.044023,0.6436765,-0.3225803,1.619694E+09,2989.062,2767.369
0.9786659,1,1.950524,0.1138636,0.2075495,1.619694E+09,2815.275,2947.748
3.237968,1,1.328763,0.6083331,-0.4975373,1.619694E+09,2821.124,2939.632
-0.699518,1,-0.4188567,0.9624469,0.4329964,1.619694E+09,2999.847,2949.02
-3.898808,1,0.3102079,0.5141633,-0.7124565,1.619694E+09,3128.396,3066.767
11.88529,1,1.131706,-0.3534012,1.528878,1.619694E+09,3091.58,2788.191
-5.531291,1,-0.1357969,-0.4136311,-0.7437071,1.619694E+09,3233.291,3004.574
-11.6659,1,0.2263199,1.025075,-1.538179,1.619694E+09,3213.621,2956.654
-1.732884,1,1.560637,1.025698,-1.186592,1.619694E+09,3094.514,2845.07
1.504934,1,-0.4204492,-1.763713,0.6325133,1.619694E+09,2865.676,3087.145
5.48161,1,-1.216557,-0.1569107,1.504241,1.619694E+09,3041.221,3004.879
-4.587779,1,0.2330263,-0.5382947,-0.5160877,1.619694E+09,3093.278,3017.027
-3.86008,1,0.9699422,1.251958,-0.7536038,1.619694E+09,2907.466,3007.466
16.03699,1,-0.874464,-0.3204627,2.143462,1.619694E+09,3061.218,3028.756
1.163312,1,0.8824936,0.5269886,0.6342788,1.619694E+09,2924.328,2956.59
-13.74119,1,0.889091,-1.061424,-1.741237,1.619694E+09,3026.039,2985.462
-1.349676,1,-0.3554163,-0.3672991,-0.3180468,1.619694E+09,2990.469,2904.306
-1.779133,1,-0.2324103,0.8684691,1.432683,1.619694E+09,2842.62,2758.426
-14.92236,1,-0.176149,1.292069,-1.322348,1.619694E+09,3087.94,3030.347
-6.693954,1,-1.466509,-0.9376195,-0.2214216,1.619694E+09,3081.83,2868.517
10.16573,1,-0.2479374,0.5287469,1.889168,1.619694E+09,2992.451,2981.325
-4.736101,1,1.425216,-0.691297,-0.6623753,1.619694E+09,2972.978,2974.054
1.749842,1,0.9925259,-2.07004,0.3391589,1.619694E+09,3047.069,2933.261
-7.44994,1,0.07528806,1.93575,-1.117097,1.619694E+09,3039.671,3081.844
2.257917,1,0.684871,1.040658,0.03445916,1.619694E+09,3136.95,2771.042
0.9522302,1,0.124199,-0.3766813,0.2027349,1.619694E+09,3038.488,3004.513
-12.1126,1,-0.991415,-0.9090023,-1.144708,1.619694E+09,2894.452,3036.703
6.601829,1,-3.087223,0.6617333,1.310553,1.619694E+09,3048.77,3004.273
6.9268,1,-1.028158,-0.1912034,1.752315,1.619694E+09,2807.482,2925.703
-2.470261,1,0.3469743,0.3318453,-0.2615867,1.619694E+09,2942.836,2975.802
7.334408,1,-0.01058694,0.156743,1.278166,1.619694E+09,3302.584,2862.408
5.965951,1,1.507288,-0.6822265,0.4925326,1.619694E+09,2864.223,2864.415
-3.366342,1,0.03858364,0.05643113,-0.3518344,1.619694E+09,3077.298,3044.463
5.233196,1,0.888928,-0.5737677,0.8193508,1.619694E+09,3205.076,3120.219
3.303621,1,0.04952084,0.715824,0.595664,1.619694E+09,3040.293,3045.354
5.004797,1,-0.7121193,-0.188711,0.5907087,1.619694E+09,3247.454,3043.065
12.19738,1,-0.09952141,1.1255,1.718688,1.619695E+09,2923.096,2987.2
4.855531,1,0.7671269,1.583434,0.7199947,1.619695E+09,2983.14,2873.03
0.8347789,1,-0.3345917,-1.25942,0.6833577,1.619695E+09,2995.058,3107.832
0.9218834,1,0.3416986,1.964657,-0.05937966,1.619695E+09,2960.648,2885.484
-9.597969,1,-2.617132,0.1683073,-0.6676409,1.619695E+09,2977.41,2947.843
1.883743,1,0.05823475,0.2540708,0.5597556,1.619695E+09,2992.453,2971.773
-12.35574,1,-0.7651757,-0.7003911,-1.794561,1.619695E+09,3037.536,2972.316
-2.503052,1,0.2069512,-1.639633,0.1206549,1.619695E+09,3011.682,3035.884
1.787454,1,-0.7164696,-1.115684,0.1708437,1.619695E+09,2958.787,2803.981
1.468218,1,0.3955909,-0.4154786,-0.08376811,1.619695E+09,3093.376,3019.881
0.6276461,1,-0.4826906,-0.6990745,0.3006841,1.619695E+09,2921.36,3003.264
3.819059,1,0.03172308,-1.23428,0.8748361,1.619695E+09,3046.183,3007.347
-10.9251,1,-0.6473061,1.421675,-1.145467,1.619695E+09,2927.807,3031.843
-17.82228,1,-1.445294,1.300079,-2.227967,1.619695E+09,3102.979,2975.734
-5.133564,1,-1.472516,-1.970055,-0.3757824,1.619695E+09,2953.35,3086.072
-1.629114,1,0.6619881,1.366509,-0.3011501,1.619695E+09,3026.101,3016.067
0.2891715,1,0.2846956,-0.02558498,-0.2620488,1.619695E+09,2994.659,2919.259
-13.02641,1,0.08782128,2.471396,-1.772247,1.619695E+09,2972.777,2973.604
0.8413734,1,-0.2743391,1.38225,2.867964,1.619695E+09,2967.677,2750.713
7.715691,1,0.5614272,-0.323472,0.9410305,1.619695E+09,3053.421,3075.045
-2.847664,1,-0.9368433,0.6839574,0.6205663,1.619695E+09,3144.904,2889.129
3.183201,1,1.231249,0.05127323,-0.1761383,1.619695E+09,3171.968,2894.772
-4.238902,1,-1.172096,-0.969969,-0.2363021,1.619695E+09,2937.993,3022.914
13.52353,1,-0.1681137,0.7363082,2.150707,1.619695E+09,2966.865,2978.104
2.019598,1,0.7884693,-1.970325,0.412584,1.619695E+09,3122.472,3095.312
0.5753134,1,-0.04967027,-0.361192,0.5272281,1.619695E+09,2748.601,2874.753
2.393798,1,-0.3734365,1.212439,0.355791,1.619695E+09,2875.822,3121.672
-6.033449,1,2.486895,-0.7052245,-1.36258,1.619695E+09,3017.826,3097.229
-8.405027,1,2.121479,0.8095518,-0.59495,1.619695E+09,2909.284,3002.549
7.116108,1,-0.3251383,-0.1329662,0.8523793,1.619695E+09,3278.471,2895.355
0.3331713,1,-0.3254748,-1.357686,0.1858829,1.619695E+09,3185.871,3130.646
0.5216218,1,1.064489,0.7222085,0.315136,1.619695E+09,2891.961,3031.875
-4.995546,1,1.053506,-0.2556231,-0.2869512,1.619695E+09,2891.744,2937.231
-2.901529,1,-0.3823287,0.6405596,-0.2236386,1.619695E+09,3059.072,2975.206
14.35588,1,-1.229321,-1.38114,2.419718,1.619695E+09,2939.846,2925.225
-16.27336,1,-0.7700832,-0.3984841,-1.732291,1.619695E+09,3044.4,3015.628
-6.30857,1,-0.7519696,-0.01270178,-0.384914,1.619695E+09,2949.858,2914.65
3.792957,1,-0.4697403,0.1774472,0.5300793,1.619695E+09,2976.674,3080.161
-6.032036,1,-0.2934467,-1.777875,-0.4236265,1.619695E+09,3080.139,3033.945
-0.8437824,1,-0.453793,0.3800734,0.06602754,1.619695E+09,3164.424,2955.024
3.742107,1,1.092179,0.1800275,0.5061545,1.619695E+09,2995.15,2876.746
8.741406,1,0.7966356,-0.9493369,1.129087,1.619695E+09,2908.673,2931.816
-6.636095,1,-0.7854987,0.2645101,-0.3132917,1.619695E+09,2977.281,3020.958
12.61737,1,1.743409,1.449129,1.800061,1.619695E+09,2932.938,3211.749
2.329901,1,-1.209628,-1.685405,0.3857352,1.619695E+09,2916.366,3163.268
8.742486,1,-0.1620661,-0.07539278,1.697098,1.619695E+09,2863.907,3009.887
-2.299348,1,-0.226231,3.059631,-0.7078475,1.619695E+09,3114.854,2995.902
-4.425209,1,0.299911,-0.779463,-0.675782,1.619695E+09,2971.099,2973.136
-13.84788,1,-3.475363,0.7628714,-1.145055,1.619695E+09,3164.345,2963.719
-3.470487,1,-0.1375468,0.3781417,-0.8503973,1.619695E+09,2933.947,2933.887
-10.31201,1,0.2525418,0.2933944,-0.981638,1.619695E+09,2846.951,3143.125
-3.369582,1,-0.2295963,-1.333504,0.08512329,1.619695E+09,2840.669,2899.363
6.011293,1,0.5057141,-0.867043,1.077698,1.619695E+09,2947.338,2816.606
-6.257593,1,2.215001,-1.293625,-1.162823,1.619695E+09,2895.405,3074.934
6.076115,1,-1.537824,-0.9090955,0.9607556,1.619695E+09,2846.219,3031.807
6.594927,1,0.06602902,3.185289,0.3260401,1.619695E+09,3046.585,2971.223
12.08526,1,1.423184,-1.567963,1.544207,1.619695E+09,3042.3,2987.917
-1.12063,1,0.3360056,-0.9291704,-0.2909883,1.619695E+09,2972.638,3072.581
5.473626,1,0.5058079,-0.04200931,0.8724823,1.619695E+09,3029.599,2985.931
-3.463919,1,-0.0974889,-1.583642,-0.3355088,1.619695E+09,3063.469,2959.099
-4.096876,1,1.396838,0.8962055,-1.196298,1.619695E+09,2993.518,2872.029
15.59877,1,0.3616844,0.8572791,2.299113,1.619695E+09,3103.94,2974.475
9.192109,1,1.806807,2.347501,0.6907332,1.619695E+09,3155.989,3040.494
9.967295,1,0.503573,0.5573146,1.320356,1.619695E+09,3191.14,2878.389
6.291914,1,0.9892911,0.6764321,0.3099361,1.619695E+09,3003.034,3132.904
8.941893,1,1.396147,0.8564225,1.158154,1.619695E+09,3134.595,2996.948
-5.001835,1,0.3400646,-0.9940926,-0.0118106,1.619695E+09,3077.098,2946.613
-4.898792,1,-0.6129523,0.6093329,-0.6245708,1.619695E+09,2981.49,2954.286
5.808102,1,0.3198386,0.2171192,1.074059,1.619695E+09,3127.22,3178.878
6.749729,1,-0.5702524,-0.8116578,1.465424,1.619695E+09,2923.078,2980.361
-6.02722,1,-0.3434153,-0.2627995,-1.156292,1.619695E+09,3046.05,2869.747
3.660638,1,-0.06540898,0.1102652,0.9754438,1.619695E+09,2938.453,2992.865
2.488923,1,-0.006536005,1.685961,0.8115481,1.619695E+09,3033.038,2858.567
1.667862,1,2.087492,-0.2854684,-0.8595339,1.619695E+09,2918.219,3127.601
9.436384,1,-0.3864361,0.5944896,1.351793,1.619695E+09,3034.974,2985.578
-2.674795,1,0.751952,-0.8201812,-0.4576207,1.619695E+09,2908.767,3073.35
-7.375542,1,1.630845,-0.1560984,-0.8892633,1.619695E+09,2776.739,2933.921
5.163582,1,-0.3474142,-0.6210828,1.383837,1.619695E+09,3022.644,3137.053
-1.585226,1,1.175228,-0.06699701,-0.7140596,1.619695E+09,3096.715,2832.623
-13.76324,1,0.3518174,0.5127359,-1.810575,1.619695E+09,3061.856,2986.957
-6.2849,1,-0.2861014,-1.408834,-1.174204,1.619695E+09,3006.615,2940.425
0.06513712,1,-0.08730864,0.5364622,-0.01758888,1.619695E+09,3102.409,2851.352
-0.6227984,1,-0.33154,-0.9679419,-0.27032,1.619695E+09,2969.736,2834.023
4.940965,1,0.03753611,-0.2969349,0.7587143,1.619695E+09,3053.541,2972.536
-3.470378,1,-2.136908,-0.390806,0.5619823,1.619695E+09,2997.74,2850.398
-7.561962,1,-0.1850749,1.436623,-0.5465798,1.619695E+09,3011.748,2942.022
5.847517,1,-1.680022,0.9823799,0.5606557,1.619695E+09,2925.183,3044.608
-4.401432,1,-1.102375,-0.2389042,-0.1034033,1.619695E+09,3023.264,3148.536
-8.771005,1,0.3431318,0.5398118,-1.203777,1.619695E+09,3096.77,2938.103
-6.115145,1,-0.5502792,0.4541363,-0.1213523,1.619695E+09,3051.579,3013.469
-2.505483,1,-0.00123697,-0.03082152,-0.0001510468,1.619695E+09,2892.452,2964.488
-12.45293,1,0.2410806,-0.9925697,-1.349675,1.619695E+09,2819.853,2967.311
-7.843337,1,-0.3431053,0.7578593,-0.9607347,1.619695E+09,3135.137,2916.669
-6.6443,1,-1.341585,0.2729201,0.4257945,1.619695E+09,3109.07,3196.526
5.907178,1,-1.036111,0.04469723,1.047745,1.619695E+09,2964.165,3157.746
7.044728,1,-0.5616444,0.7612633,0.7490671,1.619695E+09,2991.112,2963.835
-8.287855,1,-0.5486098,0.3590342,-1.02473,1.619695E+09,2881.672,2957.14
0.2092218,1,-0.2055968,0.1464514,0.5745434,1.619695E+09,2988.68,2919.656
9.678561,1,-1.183577,1.055788,1.48262,1.619695E+09,2981.602,3007.763
-0.7111992,1,-0.9849714,-0.3382562,0.4242841,1.619695E+09,3053.551,3174.317
-3.373559,1,-0.5730524,0.2343571,-0.1906345,1.619695E+09,3163.346,2968.465
3.427916,1,0.7732702,1.402822,0.03799482,1.619695E+09,2988.574,3152.807
-7.864363,1,-0.8086407,0.1766494,-0.4574514,1.619695E+09,3064.597,3062.447
-11.45217,1,-0.1699127,-0.3251579,-1.15936,1.619695E+09,2946.101,3008.666
-2.463518,1,-0.003547826,-0.0110803,-0.3437507,1.619695E+09,3092.261,2832.311
-5.043654,1,-1.015307,-1.031757,-0.2688193,1.619695E+09,3171.3,3037.715
-8.742752,1,-0.4360508,-0.9242541,-0.4243208,1.619695E+09,2921.006,2957.33
0.1500818,1,1.268921,1.877224,0.2195437,1.619695E+09,2903.666,2896.46
3.745716,1,2.336949,-0.03078881,0.3822107,1.619695E+09,2825.933,2953.696
-8.831255,1,-0.2809895,-0.2419681,-1.212677,1.619695E+09,3222.637,3029.155
3.507972,1,-0.2810624,-0.9333947,0.8286365,1.619695E+09,3168.135,2846.125
-7.26679,1,-0.4373386,-1.487054,-0.7692305,1.619695E+09,2906.337,2967.361
-7.650239,1,1.65562,-0.8126557,-0.6640246,1.619695E+09,2902.42,2902.181
-2.675941,1,-0.3370277,-0.1351814,-0.05034,1.619695E+09,3007.646,3076.501
1.931842,1,0.00291397,-0.3807762,0.1909854,1.619695E+09,3065.277,3075.51
-1.736833,1,-1.223324,-0.8254994,0.4228967,1.619695E+09,2977.248,3134.84
7.319716,1,0.6274099,-0.3625324,0.8953513,1.619695E+09,3159.96,2917.827
-11.91648,1,-0.373717,-0.9803907,-0.9690683,1.619695E+09,3084.367,3056.41
7.216537,1,1.339257,-0.595542,0.6627738,1.619695E+09,3073.81,2997.299
-4.460128,1,1.160553,0.3879051,-0.292976,1.619695E+09,3070.757,3047.95
17.78962,1,0.417296,-1.384659,2.903912,1.619695E+09,2921.742,2899.465
2.976617,1,-0.8229855,-1.628595,0.9490011,1.619695E+09,3028.61,3035.234
10.90568,1,1.077759,-1.419039,1.434286,1.619695E+09,3127.23,3035.839
-0.8198872,1,0.332254,1.383959,0.4158096,1.619695E+09,2853.111,2891.421
2.265112,1,-0.3245356,-0.331958,0.00515583,1.619695E+09,3101.101,3055.527
1.831875,1,0.0256029,-1.615532,0.9217332,1.619695E+09,2996.149,2940.439
1.559883,1,-0.3789257,0.7014275,0.7271324,1.619695E+09,3009.629,3193.179
-13.37561,1,2.276672,-1.289442,-1.790936,1.619695E+09,2850.306,3118.007
-1.255808,1,0.7118741,0.3813587,-0.1614206,1.619695E+09,2994.514,2950.44
-9.059543,1,0.7369108,1.359586,-1.589624,1.619695E+09,3085.879,3046.015
-1.852785,1,-0.330668,0.2908994,0.1860703,1.619695E+09,3124.618,2945.212
-8.287963,1,0.8969713,0.1608157,-1.752495,1.619695E+09,3100.501,2901.763
-1.971179,1,-0.6949854,-0.856244,-0.4961593,1.619695E+09,2701.193,2802.33
6.341294,1,-0.04730967,1.064493,0.6507579,1.619695E+09,3111.873,3066.916
-9.550793,1,-1.633305,-0.7261785,-0.9598542,1.619695E+09,3034.587,3209.566
1.398304,1,1.156995,-1.182148,0.4503904,1.619695E+09,3078.144,2988.628
-8.589036,1,-0.4538299,-2.105996,-0.3013537,1.619695E+09,3047.024,3041.411
-7.317392,1,-0.2244699,0.4587253,-0.7421459,1.619695E+09,2919.342,2906.003
-6.891237,1,-0.05771401,-0.6618508,-0.7112269,1.619695E+09,2950.997,2861.323
1.6594,1,1.015011,1.128299,-0.09736309,1.619695E+09,2984.288,2894.422
0.06012948,1,-0.518197,-0.4137091,0.3043157,1.619695E+09,3020.518,2996.926
13.44556,1,0.8815272,-0.2473607,1.164122,1.619695E+09,3105.023,2961.897
-10.4494,1,-0.7789406,0.6999904,-0.8229208,1.619695E+09,2956.28,3035.565
-1.63366,1,0.9551829,-0.1868919,-0.8317308,1.619695E+09,3003.072,2893.833
3.775795,1,-0.5861621,0.02102162,1.023167,1.619695E+09,3079.342,3111.735
6.203927,1,-1.002308,-0.3525489,1.674408,1.619695E+09,3085.45,2948.109
-12.65657,1,0.6082141,-0.9780265,-1.91954,1.619695E+09,3227.357,2981.819
-1.902557,1,-0.103766,0.08106238,0.3124056,1.619695E+09,3038.643,2997.987
-10.98016,1,-1.012149,0.5331358,-0.8611238,1.619695E+09,2912.321,3045.751
4.881173,1,0.3595757,0.9135632,0.9923878,1.619695E+09,2963.207,3032.066
-1.235229,1,1.593495,-0.4979883,-0.3686481,1.619695E+09,3060.881,2997.935
10.49376,1,1.789302,1.39557,1.639569,1.619695E+09,2943.419,2927.503
-7.11327,1,-0.8434992,0.3311548,-1.146091,1.619695E+09,3186.779,2881.29
-11.64123,1,0.8259747,-1.123908,-1.104427,1.619695E+09,2913.246,2967.769
1.233013,1,0.9915134,0.5450365,-0.4577637,1.619695E+09,2861.39,2791.969
-5.803129,1,-1.360058,-0.2616675,-0.390187,1.619695E+09,2996.698,2909.667
-5.774079,1,0.7995151,1.500034,-0.4553051,1.619695E+09,2914.871,3036.354
0.1326642,1,-1.431381,2.972136,0.9569145,1.619695E+09,2979.546,2887.181
-9.381359,1,-0.5700117,0.3020941,-0.82676,1.619695E+09,2902.092,2930.981
3.055385,1,0.3400181,-0.1927977,-0.1212834,1.619695E+09,2874.645,2807.109
-8.144854,1,0.7501307,-1.255385,-1.523639,1.619695E+09,3061.572,3043.33
-8.995298,1,0.8433822,0.8926888,-0.9710653,1.619695E+09,2988.466,3009.823
7.147146,1,0.2545327,-1.694577,1.013764,1.619695E+09,2966.557,3042.09
0.95375,1,0.02131597,2.352072,0.147036,1.619695E+09,3030.31,3042.679
-10.40505,1,-0.01437778,0.1699,-1.007887,1.619695E+09,3021.663,3130.097
-9.812331,1,0.7355129,1.244894,-1.347851,1.619695E+09,3105.808,3039.572
-1.660195,1,-0.9811576,-1.905207,0.1689698,1.619695E+09,3010.968,3019.068
-13.17334,1,-2.03067,-0.0189142,-1.294282,1.619695E+09,3013.45,3045.647
-4.497306,1,0.2712353,1.524344,0.148849,1.619695E+09,2990.808,2904.247
4.435678,1,0.2670849,-0.4879048,0.3299167,1.619695E+09,3196.143,3106.16
-7.061353,1,-0.9342145,-1.466003,-0.7452705,1.619695E+09,3126.622,2941.392
-9.89857,1,-1.207009,1.228311,-0.8733557,1.619695E+09,2975.799,3109.749
-4.032059,1,0.1550822,0.7997918,-0.2616551,1.619695E+09,2996.506,2955.812
12.77235,1,0.4492596,-0.4477696,-0.2108409,1.619695E+09,2911.55,3293.788
-2.073564,1,-0.3693316,-1.909542,-0.03704684,1.619695E+09,2972.758,3090.683
-11.72873,1,-0.5070884,1.152542,-1.583884,1.619695E+09,3137.061,3096.015
0.1048364,1,-0.6495114,1.189661,1.053477,1.619695E+09,2947.817,3147.93
-18.94316,1,1.055942,0.9884509,-2.520095,1.619695E+09,3010.352,3073.115
-10.64421,1,1.092641,0.7491684,-1.346589,1.619695E+09,3056.04,3079.415
-4.140402,1,-1.403797,-0.8236524,0.05132306,1.619695E+09,3122.216,3077.49
8.621356,1,1.822437,1.434373,0.6434536,1.619695E+09,2944.676,2908.094
17.09848,1,1.40116,-0.2980084,1.581771,1.619695E+09,3150.721,3055.388
1.827649,1,0.1971721,0.4291673,-0.2603574,1.619695E+09,3148.314,3085.867
4.631457,1,-0.552472,-0.457618,0.5798013,1.619695E+09,2979.844,3175.144
-11.99371,1,0.1905344,0.8686353,-1.549227,1.619695E+09,3051.854,3000.67
6.274847,1,0.3193776,0.1832653,1.237153,1.619695E+09,3092.196,3053.772
-13.36373,1,0.7430205,0.5497005,-2.418709,1.619695E+09,2988.533,2859.009
10.5842,1,2.069373,0.1328873,1.813723,1.619695E+09,3040.846,2923.748
-4.57079,1,1.268659,-0.9020021,-0.5693433,1.619695E+09,2931.62,3064.009
2.587562,1,-0.04833025,-0.7010334,-0.1569714,1.619695E+09,3189.094,3109.694
-2.289209,1,-0.5860929,1.698449,-0.1073354,1.619695E+09,2967.886,2939.311
5.075222,1,-0.1176818,-0.3800395,0.6385425,1.619695E+09,2998.495,3053.135
-11.317,1,-0.3847388,0.06130531,-1.585094,1.619695E+09,3036.468,3079.885
0.6026472,1,-1.579615,1.095696,0.6854678,1.619695E+09,3038.011,3011.553
15.79428,1,1.726041,-1.264485,1.77612,1.619695E+09,2906.58,3056.16
-1.443095,1,-1.068739,-0.05919693,0.2043211,1.619695E+09,3087.613,3058.378
-0.6298512,1,-0.140314,-0.960893,0.3539907,1.619695E+09,3075.485,2918.751
-0.8161242,1,0.5660524,-1.589904,0.1166541,1.619695E+09,2932.1,2968.518
-6.858759,1,1.176879,0.1569462,-0.3239737,1.619695E+09,2814.508,3033.361
-8.568337,1,1.229459,0.8369594,-1.602575,1.619695E+09,3000.023,2945.162
2.885403,1,0.06482112,-0.6132112,0.5683916,1.619695E+09,2907.277,2987.849
9.17819,1,-0.09223188,-0.1922739,1.799987,1.619695E+09,2794.856,2964.874
11.97034,1,-0.9466352,-0.2761611,2.314981,1.619695E+09,3054.084,2914.806
-1.689042,1,-2.183119,0.9177937,0.02623125,1.619695E+09,2943.028,3003.666
-7.301552,1,-0.5833921,-0.9134625,-0.4911076,1.619695E+09,2957.651,2901.227
-10.51233,1,-1.087176,0.5732537,-0.8602183,1.619695E+09,3059.898,2897.638
-8.155296,1,-0.5964168,1.751572,-1.130413,1.619695E+09,3062.896,3004.39
-17.62416,1,0.9583967,-2.688879,-2.252227,1.619695E+09,2970.139,2946.459
1.22915,1,0.3468393,-1.323483,0.1025407,1.619695E+09,2958.971,3059.171
-1.004011,1,-0.4412486,0.4874475,0.1996715,1.619695E+09,2939.895,2984.047
20.22517,1,-0.335293,2.986373,2.405343,1.619695E+09,3066.937,2978.727
2.902146,1,-0.09791075,0.6368921,0.4412158,1.619695E+09,3005.008,2933.182
4.730333,1,1.199854,-1.68648,0.3775603,1.619695E+09,3040.922,2828.95
-1.48829,1,-0.8562228,-1.589562,0.1795879,1.619695E+09,2993.684,2819.945
6.810815,1,1.169555,-0.4893834,0.06806143,1.619695E+09,2933.735,3162.749
0.3322209,1,-0.9098358,1.353029,0.6183863,1.619695E+09,3038.939,3160.608
-9.052545,1,-0.7837572,1.021242,0.3488567,1.619695E+09,2824.672,2733.462
-8.298326,1,-0.4865935,0.6800089,-0.681596,1.619695E+09,3013.772,2810.844
6.80758,1,-0.5759003,0.4229534,0.9657906,1.619695E+09,3082.255,2906.924
-6.219408,1,-0.1404278,-1.938151,-0.2587029,1.619695E+09,2802.486,2951.504
7.885485,1,0.7025158,0.3533337,0.6600325,1.619695E+09,2956.735,3082.247
7.164667,1,0.6809906,1.739307,0.3893419,1.619695E+09,3037.351,3042.864
-10.91393,1,-1.243007,0.1001143,-0.6970228,1.619695E+09,3014.31,3037.315
-4.450833,1,-1.6835,0.1112984,0.1558788,1.619695E+09,2954.471,2939.202
-7.435416,1,-1.098554,0.1271074,-0.2925362,1.619695E+09,2992.192,2989.796
0.1153184,1,0.8073793,0.7434214,-0.3528552,1.619695E+09,3107.812,2948.258
-0.8279442,1,-0.3652424,-0.6090092,0.4988895,1.619695E+09,3101.65,3004.904
10.32891,1,0.9187896,-0.1891278,2.228268,1.619695E+09,2872.698,2968.697
3.195927,1,1.565875,-0.1474977,-0.2600516,1.619695E+09,2940.859,2924.184
10.71474,1,1.870508,1.178564,0.7673774,1.619695E+09,3097.065,3009.885
-6.661512,1,1.334257,0.2644303,-1.363697,1.619695E+09,3103.705,3014.69
-16.74,1,-0.0004116009,-1.130881,-2.282279,1.619695E+09,3030.568,3099.415
-3.626841,1,1.085986,-0.8570017,-0.2934313,1.619695E+09,2858.857,2970.987
-3.243448,1,0.2025241,-0.9350227,-0.4469737,1.619695E+09,3062.89,3029.719
12.19246,1,1.941515,0.3995759,1.934904,1.619695E+09,2954.754,2935.393
-3.170372,1,-0.2018705,-0.1837074,-0.3396947,1.619695E+09,3030.349,2880.827
8.970091,1,0.07937846,-0.194723,1.457038,1.619695E+09,2940.889,3042.109
8.144048,1,-1.321039,-0.02685857,1.321062,1.619695E+09,3075.344,2882.925
0.8764823,1,0.1966108,-0.03296486,-0.1705307,1.619695E+09,3066.047,3134.425
10.80563,1,-0.3414916,1.503966,1.215392,1.619695E+09,3059.288,2991.692
3.062893,1,-1.058717,2.05518,0.9703107,1.619695E+09,3021.723,3107.03
7.188489,1,-1.257274,0.09965556,1.676095,1.619695E+09,3241.943,3048.985
-2.486924,1,-0.333789,-0.8586187,-0.03749268,1.619695E+09,3051.32,2919.624
-3.247908,1,-0.08829354,-0.74481,0.2003568,1.619695E+09,2799.252,2870.893
7.060499,1,0.1582803,-2.060604,-0.6284508,1.619695E+09,3129.735,2791.099
-1.321042,1,0.3825293,-0.9092609,-0.5838494,1.619695E+09,3235.753,3034.833
-3.408364,1,-0.7793411,2.66395,-0.4767132,1.619695E+09,3164.866,2978.68
4.972715,1,1.345413,-0.4993666,0.1433813,1.619695E+09,3051.013,3172.692
16.22102,1,1.500538,0.04705987,1.63103,1.619695E+09,3055.484,2838.202
-4.055082,1,-0.2754007,-1.429905,-0.2705029,1.619695E+09,2887.248,2942.191
0.6360981,1,1.806234,0.4957668,-0.4969007,1.619695E+09,3120.102,2889.694
15.61723,1,0.5837702,0.5299364,2.035558,1.619695E+09,2941.298,2935.361
7.835669,1,0.7423728,-0.1653366,-0.4525796,1.619695E+09,3091.38,3281.586
7.293452,1,-1.658858,0.6573251,1.129637,1.619695E+09,3101.197,2972.848
-7.351314,1,-0.9565211,-0.3434405,-0.3984842,1.619695E+09,2959.039,2938.701
3.002267,1,1.3058,0.9738985,-0.4981106,1.619695E+09,3021.402,3202.421
2.063011,1,-1.192786,1.520226,0.7025167,1.619695E+09,2990.97,2881.688
-2.581718,1,-0.7499286,1.42082,0.4641399,1.619695E+09,2838.33,2925.098
9.184907,1,-0.8899959,0.201742,1.589698,1.619695E+09,2860.059,2992.045
-1.934277,1,1.602399,-1.151678,-0.5302256,1.619695E+09,2913.771,3099.573
9.388245,1,-1.199707,-1.586533,1.739391,1.619695E+09,2881.169,3117.801
1.386879,1,0.6275867,-0.5213913,0.2694988,1.619695E+09,2907.873,3146.986
0.6042034,1,0.1459696,-0.2699202,0.30435,1.619695E+09,2995.098,3012.244
-1.359979,1,-0.05534829,-0.3688868,-0.4032752,1.619695E+09,3047.034,2949.94
1.004161,1,-0.1541156,-1.24416,0.02437597,1.619695E+09,3124.376,3131.747
5.863724,1,-0.4152321,-1.731111,0.8419446,1.619695E+09,2832.914,2872.707
-7.527416,1,-0.4724935,0.07498696,-0.7884564,1.619695E+09,3034.312,3078.539
6.704968,1,-1.499037,1.997184,1.524457,1.619695E+09,3007.575,3013.867
0.6071629,1,-0.3546704,0.07654702,0.3740075,1.619695E+09,2953.238,2860.059
-7.520454,1,0.5356225,-0.02761784,-0.7848974,1.619695E+09,3039.539,2917.776
-0.995633,1,1.357625,0.06524105,0.6194292,1.619695E+09,2939.167,2989.087
-4.855154,1,0.8748358,0.2784791,-0.8956596,1.619695E+09,2891.227,3045.635
-9.074027,1,-1.284311,-1.037301,-0.4387197,1.619695E+09,3000.704,2993.252
-2.102369,1,2.078996,-1.178148,-0.1276146,1.619695E+09,3153.781,2979.715
3.669487,1,-0.3675314,1.691686,0.4506934,1.619695E+09,2916.711,3015.805
11.61273,1,1.109533,0.7505039,1.3958,1.619695E+09,3091.817,2975.02
-1.63606,1,2.468559,0.5043796,-0.3753847,1.619695E+09,2997.35,2969.534
-11.89369,1,1.2876,0.7849272,-1.886201,1.619695E+09,3088.765,2955.022
-5.145064,1,1.05614,-0.08400506,-0.8498078,1.619695E+09,2988.554,2899.57
-2.955999,1,1.151307,-0.4703177,-1.42262,1.619695E+09,2861.165,3154.054
2.881776,1,-0.5506811,-0.7218489,0.5612171,1.619695E+09,2971.393,2960.986
-8.654849,1,1.031082,1.280322,-0.7808509,1.619695E+09,2977.038,3012.288
-6.490677,1,0.7401169,0.07949773,-1.013582,1.619695E+09,3056.204,2976.66
0.887314,1,-2.050898,0.1989338,0.6499268,1.619695E+09,2984.559,3092.495
-0.5756387,1,1.041293,-0.7881833,-0.473907,1.619695E+09,2949.659,2895.939
6.202977,1,1.290862,-2.064474,-0.7139432,1.619695E+09,3082.49,3215.971
-5.713691,1,0.2521255,1.204774,-0.2922361,1.619695E+09,2672.301,3029.906
15.50293,1,1.88312,-0.1524252,1.683102,1.619695E+09,2881.168,2979.011
-3.908764,1,-0.429323,-1.094777,-0.5337817,1.619695E+09,3016.437,2920.271
5.089121,1,0.02267786,0.7732089,1.237083,1.619695E+09,3064.281,2994.349
-0.8281188,1,1.678363,1.57736,0.08866815,1.619695E+09,2989.662,2923.865
-2.327995,1,0.9537927,0.1151751,-0.6184005,1.619695E+09,3044.19,3073.152
-3.342763,1,-0.1698006,0.8349752,-0.4126941,1.619695E+09,3155.337,3104.654
6.724045,1,0.9682091,0.5579814,0.4417943,1.619695E+09,3064.617,3121.044
2.57765,1,0.2025413,-0.4426396,0.5933536,1.619695E+09,2858.228,2974.461
-9.827798,1,-0.1031448,-1.088153,-1.151322,1.619695E+09,3057.51,3040.637
-6.242597,1,-0.2859355,-1.339315,-0.6018171,1.619695E+09,3121.438,3013.511
-7.819528,1,-0.4456041,0.5456581,-0.9417427,1.619695E+09,3075.315,3015.549
-10.0212,1,-0.08446844,-0.746195,-1.433975,1.619695E+09,3122.769,2856.656
3.572138,1,-0.5640445,1.260573,0.03461873,1.619695E+09,3046.513,3053.279
1.490301,1,1.902298,0.857373,-0.002224151,1.619695E+09,3065.246,3120.334
12.56968,1,-0.7985281,-1.507337,2.174647,1.619695E+09,3138.044,2955.871
7.363636,1,1.513607,-0.8661916,0.8663085,1.619695E+09,3096.182,2917.083
9.219519,1,0.1285519,0.6649119,0.9607267,1.619695E+09,2961.893,2948.235
-5.752079,1,-0.1503423,0.4585258,-0.9146632,1.619695E+09,2960.517,3070.195
-6.241436,1,0.1495418,-0.09950659,-0.6006713,1.619695E+09,3025.74,2944.821
-10.08283,1,0.5502195,-0.1305645,-1.336589,1.619695E+09,2842.344,3069.494
10.12674,1,-0.07415801,-1.425779,1.226452,1.619695E+09,3009.742,3135.722
3.826473,1,0.441465,1.181277,-0.006345338,1.619695E+09,2951.402,2954.91
10.15058,1,-0.698903,0.9840587,1.612669,1.619695E+09,2952.854,3015.36
6.15568,1,-0.9470755,-0.7281601,1.62307,1.619695E+09,2875.917,3022.406
6.825502,1,-2.089155,1.542361,1.699321,1.619695E+09,2904.254,2998.752
12.81433,1,0.05270296,1.834004,1.323633,1.619695E+09,2954.418,3012.981
-5.136253,1,0.6433997,2.454155,-0.2392982,1.619695E+09,3000.751,3046.627
-1.026502,1,-1.417264,-0.7379953,-0.4855775,1.619695E+09,2956.281,2960.004
-3.343079,1,0.5332024,-0.2577776,-0.2570046,1.619695E+09,2975.468,3026.939
-8.201694,1,0.5372295,1.054725,-1.030993,1.619695E+09,3012.797,2959.832
6.713915,1,0.6121138,-0.5164965,0.4869235,1.619695E+09,3182.531,3152.471
11.20952,1,1.522446,0.2436517,-0.3623576,1.619695E+09,2909.522,3265.404
11.07842,1,1.728418,0.7048624,1.023596,1.619695E+09,3072.034,3127.991
-15.19069,1,0.1364037,-0.7728775,-1.248424,1.619695E+09,2863.232,2985.877
1.736789,1,0.4520091,0.1068136,-0.08983631,1.619695E+09,2988.823,2831.581
-2.202375,1,-2.203382,-0.6397371,0.2828999,1.619695E+09,2808.319,2883.773
2.843374,1,-0.4873462,-0.01433885,0.3995585,1.619695E+09,3159.533,3006.821
-2.444298,1,1.142043,0.4575977,-0.07644501,1.619695E+09,2863.976,2892.994
1.20728,1,0.6105635,0.4020429,0.4785798,1.619695E+09,3130.774,2782.745
17.74899,1,0.810018,-1.57899,1.821739,1.619695E+09,3144.774,2763.628
-3.16148,1,-1.337616,-1.280903,0.3441941,1.619695E+09,3110.349,3079.774
-1.249654,1,1.402565,0.4677456,0.05968681,1.619695E+09,2927.584,3002.909
12.39809,1,0.3981566,0.5384492,2.002088,1.619695E+09,3064.14,3042.545
-4.713596,1,-0.133706,1.383743,0.4488049,1.619695E+09,3209.038,2695.423
0.1940616,1,-0.7237132,-0.1141268,0.4864959,1.619695E+09,2960.875,2925.416
0.1133064,1,0.3389678,1.738781,0.08897137,1.619695E+09,2809.288,3074.746
4.058231,1,-1.009003,-2.416878,0.3278256,1.619695E+09,2931.624,3163.14
-6.692332,1,-0.8244601,0.5038358,-0.4023733,1.619695E+09,3007.462,2994.329
-15.18449,1,-0.803397,-0.4898719,-1.643118,1.619695E+09,3023.827,2981.201
6.339386,1,-1.616782,-0.1722923,1.308679,1.619695E+09,2917.832,3026.152
12.26851,1,0.3826389,-1.032325,1.274861,1.619695E+09,3102.928,2871.688
-5.495998,1,1.467841,-1.524227,-0.6178284,1.619695E+09,2936.05,2993.797
-9.113785,1,-1.058406,-0.2741763,-0.3634016,1.619695E+09,2878.716,3051.359
-2.872956,1,1.222752,0.6020354,-0.5633418,1.619695E+09,2991.792,3045.458
0.8663846,1,0.02243577,0.009044415,0.3861449,1.619695E+09,2950.037,2969.951
1.964689,1,-0.140203,-0.3743263,0.2164508,1.619695E+09,2727.778,3033.461
-0.1618125,1,0.7738038,-0.8828339,-0.002982392,1.619695E+09,3014.405,2995.928
5.959116,1,2.626999,0.8502273,0.3980245,1.619695E+09,3028.311,3094.643
-3.840374,1,0.6390839,0.0977949,-0.410702,1.619695E+09,3057.62,2974.678
-9.707688,1,2.062185,1.570164,-1.351947,1.619695E+09,2909.67,3030.439
10.19762,1,0.7015206,0.390393,1.534502,1.619695E+09,3020.479,3182.766
13.72353,1,1.190648,0.03765892,1.759309,1.619695E+09,3037.023,2899.625
-4.440611,1,0.5912774,-0.3593023,-0.8594129,1.619695E+09,3093.128,2970.096
-2.697199,1,-0.761987,-0.3660051,-0.1029431,1.619695E+09,2977.909,3053.148
10.92408,1,2.886151,0.4792162,1.280571,1.619695E+09,2914.695,3099.07
6.506011,1,-0.537843,-1.280251,-3.043234,1.619695E+09,2912.016,3310.724
11.00693,1,0.006364441,0.2155633,1.4667,1.619695E+09,3104.292,3070.952
2.562634,1,0.1562295,-0.610312,0.4045213,1.619695E+09,3161.611,2931.274
-0.114607,1,1.760251,0.3705783,0.04305764,1.619695E+09,2850.111,2995.274
6.905766,1,0.07483621,-1.43653,0.5983686,1.619695E+09,2809.324,2835.718
10.38169,1,0.3961936,-1.167771,0.04349352,1.619695E+09,3066.91,3213.797
-18.74137,1,-0.6704635,-0.4117793,-2.626334,1.619695E+09,3023.766,2860.263
2.985232,1,-0.1369668,0.5187925,0.1657532,1.619695E+09,2970.271,3054.737
-21.86695,1,-1.687349,-2.17134,-2.261101,1.619695E+09,2923.811,3053.074
2.564124,1,-0.2452916,-0.4959078,0.4335972,1.619695E+09,2987.403,3146.736
-2.036607,1,0.4925213,-0.7798945,-0.2801,1.619695E+09,3085.564,3038.107
3.615647,1,2.972501,0.02770878,0.3590319,1.619695E+09,2944.68,3000.601
14.80731,1,1.186237,1.141816,1.255169,1.619695E+09,3169.844,3012.646
3.729578,1,1.071389,-0.9011567,0.3422839,1.619695E+09,3097.117,3114.467
-3.159085,1,-1.143742,0.1918812,-0.2404735,1.619695E+09,3071.871,2937.183
-5.470531,1,1.297128,-0.09668928,-1.231462,1.619695E+09,3080.66,3099.895
-2.646814,1,-0.5941796,0.7295203,0.2044555,1.619695E+09,2993.513,2907.321
5.23961,1,1.638798,0.5808564,0.4216537,1.619695E+09,2894.501,3022.782
-17.37994,1,0.001226911,-0.06082384,-1.546809,1.619695E+09,2858.189,3024.469
-11.68695,1,0.0722619,-2.392683,-1.103736,1.619695E+09,2916.657,3027.089
-8.779583,1,-0.03352033,-0.4502479,-0.9848176,1.619695E+09,2989.267,2860.122
-2.580521,1,0.5867723,-0.8758047,-0.2268685,1.619695E+09,2964.912,2979.617
8.912746,1,0.2609991,0.9320707,1.322016,1.619695E+09,3026.225,3097.952
-2.413692,1,0.6045007,0.6487386,0.09212855,1.619695E+09,2927.257,3040.11
7.952307,1,-1.760031,-1.258871,1.608347,1.619695E+09,3088.975,3067.26
-19.70002,1,-0.9856261,1.503257,-2.139187,1.619695E+09,2888.298,2977.137
-12.97889,1,-0.9940905,1.612934,-1.605931,1.619695E+09,2755.051,2988.334
2.411428,1,0.7157686,0.006523747,0.1603615,1.619695E+09,2972.501,2875.399
0.3982705,1,-0.3274288,0.3630295,-0.007200664,1.619695E+09,3070.28,3171.147
3.49019,1,0.117773,-1.479104,0.6485557,1.619695E+09,3083.413,2862.319
-1.740812,1,2.253801,0.4562403,-0.6654392,1.619695E+09,3003.102,3066.789
6.885308,1,2.332611,-2.087928,-0.7413558,1.619695E+09,2977.058,3173.451
-3.685577,1,1.038926,1.834069,-0.1108462,1.619695E+09,2921.3,2988.507
4.816161,1,0.8798473,1.732575,0.7364674,1.619695E+09,2898.648,3071.824
-5.172972,1,0.6961426,0.8545655,-1.155888,1.619695E+09,2958.529,3009.161
6.027091,1,1.565851,0.1747804,0.7172083,1.619695E+09,3027.289,2896.957
-13.99407,1,0.7523577,0.4782024,-2.470737,1.619695E+09,3090.548,2880.075
7.547187,1,-0.4570866,0.6382745,1.109467,1.619695E+09,2998.867,3042.138
12.83945,1,3.064449,-0.9241157,0.6816148,1.619695E+09,3101.823,3120.109
3.895735,1,0.8184137,-0.8861075,-0.09151873,1.619695E+09,3144.981,2949.772
-5.072551,1,-0.9511052,-0.0345194,-0.5001298,1.619695E+09,2894.521,3010.863
2.712487,1,0.7348188,1.703015,-0.3493233,1.619695E+09,3001.135,2931.554
-16.29539,1,-0.07882354,-1.941741,-2.031857,1.619695E+09,3138.154,3023.697
-2.027612,1,-0.3880093,-0.1818571,0.2908926,1.619695E+09,3038.38,2974.84
4.573791,1,-0.7671583,-2.006626,0.3144614,1.619695E+09,3039.402,2803.795
-12.05587,1,-2.299402,-0.07296322,-0.7277034,1.619695E+09,2943.938,2878.83
2.826185,1,-0.6703759,-0.1489312,1.084763,1.619695E+09,3000.848,3102.208
-5.199793,1,-1.168637,-0.514447,-0.2254399,1.619695E+09,3086.892,2995.857
3.814407,1,-0.4081463,-0.8227547,0.3641342,1.619695E+09,3369.969,2916.492
-7.379172,1,0.7828115,0.8986248,-1.149233,1.619695E+09,2945.198,3067.935
-2.889935,1,-0.1797157,1.184099,-0.5280456,1.619695E+09,3047.591,3166.765
-5.802289,1,-0.3588612,-1.979695,-0.674812,1.619695E+09,3078.448,2969.414
-17.23898,1,-0.9944254,1.110387,-2.154832,1.619695E+09,3008.307,2895.981
-12.46886,1,-0.8328823,1.167683,-0.7995621,1.619695E+09,2990.755,2984.95
-2.586601,1,-1.203538,-0.4115269,-0.2134143,1.619695E+09,2899.16,2819.418
-8.494307,1,-0.4284358,-0.6235777,-1.615968,1.619695E+09,2914.416,3084.577
-12.06985,1,-0.2917787,1.23604,-1.548889,1.619695E+09,3006.097,2968.532
-2.21636,1,1.008147,-0.3474371,0.1223223,1.619695E+09,2945.645,3053.074
11.66465,1,1.643606,0.9074099,1.567137,1.619695E+09,3004.633,3152.335
-11.99202,1,-0.815268,0.5934389,-1.109447,1.619695E+09,3008.316,2975.462
0.9225389,1,1.222031,0.864675,-0.1118483,1.619695E+09,2955.676,2864.009
5.414654,1,0.3876694,0.3800593,0.6731902,1.619695E+09,2985.643,2952.199
5.065938,1,-0.07234778,-0.6638849,0.6674316,1.619695E+09,2995.901,3091.606
-6.897628,1,0.005299118,1.519007,-0.9191801,1.619695E+09,2956.396,2906.819
-1.23054,1,0.3154469,0.3376096,0.1104534,1.619695E+09,2982.795,2871.592
5.303969,1,0.1800062,0.04591803,0.704317,1.619695E+09,2965.521,3016.436
15.76669,1,1.646915,-1.615764,1.721511,1.619695E+09,3032.501,2944.71
1.057172,1,-0.3298436,0.4273981,-0.2155223,1.619695E+09,2900,2889.607
-15.98664,1,-0.6480361,0.6594564,-1.740949,1.619695E+09,2819.668,3029.781
-1.248406,1,-0.4681036,1.166579,-0.02158558,1.619695E+09,2887.899,2993.064
-1.804519,1,-0.5381936,-1.349205,-0.1902461,1.619695E+09,3060.442,2995.587
1.994478,1,1.977042,-0.2563707,-0.1332423,1.619695E+09,3148.509,3038.987
4.477768,1,-1.107784,-1.634129,0.9905134,1.619695E+09,3103.16,2947.341
6.995158,1,0.5894136,0.2294846,0.8054184,1.619695E+09,3053.262,2814.464
7.652191,1,1.156109,-0.3191466,0.9942231,1.619695E+09,3076.396,3025.122
3.401423,1,-0.5891763,3.157206,0.8409486,1.619695E+09,2818.643,3059.653
6.56901,1,1.753575,-0.3979655,0.7266412,1.619695E+09,2893.648,3012.513
-2.239317,1,0.8225821,0.4896709,-0.2360069,1.619695E+09,2856.187,2976.045
-11.84064,1,0.7241431,1.391569,-1.806634,1.619695E+09,3054.158,3096.386
-6.476082,1,1.389943,-0.4225662,-0.1482264,1.619695E+09,2881.727,3024.065
-5.076444,1,-0.1471326,0.2053352,-0.3038404,1.619695E+09,3039.191,3002.125
7.708639,1,-0.1868165,-0.7593033,1.345818,1.619695E+09,3024.787,2899.389
-15.27429,1,0.3422067,-1.315664,-1.12544,1.619695E+09,2813.471,2958.692
-4.636379,1,-1.417874,1.16246,-0.8068488,1.619695E+09,2965.963,3090.967
0.845875,1,-0.3626338,1.254845,0.8695,1.619695E+09,2821.203,2994.949
4.584039,1,1.675284,-0.8308535,0.252284,1.619695E+09,3170.448,2883.371
4.389256,1,-0.7250679,-1.077587,0.3082245,1.619695E+09,2985.23,3186.776
1.756698,1,0.4860779,-1.744248,1.167206,1.619695E+09,2893.667,3033.296
2.904733,1,0.2937622,1.378891,0.2685291,1.619695E+09,2979.951,3046.754
-5.50896,1,-0.9664171,-1.048366,-0.1922191,1.619695E+09,2814.744,3024.497
0.05590194,1,-1.261268,1.819733,0.428574,1.619695E+09,2971.078,2904.11
2.097318,1,-1.157823,0.6008418,0.4395792,1.619695E+09,2927.67,3008.129
-3.59781,1,0.7792714,0.5175703,-0.1727547,1.619695E+09,2962.277,3015.768
-2.017066,1,1.164556,0.1433583,-0.5471727,1.619695E+09,2809.102,3171.787
-14.89062,1,-0.1189733,-0.4120655,-1.149624,1.619695E+09,3011.952,2915.552
4.147748,1,0.7475994,-0.2216399,0.8053247,1.619695E+09,3040.692,3083.628
3.996324,1,-1.055688,1.49907,1.137054,1.619695E+09,3068.009,2872.839
4.577615,1,-1.60515,0.2368541,1.001328,1.619695E+09,2855.959,2980.595
14.40475,1,-0.4099668,-1.384872,1.767127,1.619695E+09,3080.492,3204.928
9.869315,1,0.4630263,-1.848001,1.591061,1.619695E+09,3007.215,2968.192
6.187943,1,1.457714,-1.117308,0.6213596,1.619695E+09,3043.741,3051.104
-8.530163,1,-0.7898985,0.8881155,-0.9287603,1.619695E+09,2956.138,3137.972
-3.428564,1,-0.3299612,-2.051575,-0.2297624,1.619695E+09,2921.971,3108.007
1.44174,1,-2.004445,2.860027,0.2152394,1.619695E+09,3248.552,2985.88
5.221945,1,-1.255385,-1.08755,1.112513,1.619695E+09,3162.312,2930.239
-2.28257,1,-0.4705029,0.3236283,-0.02230588,1.619695E+09,2889.439,3043.619
-7.511966,1,-1.391172,1.257178,0.01585488,1.619695E+09,2773.628,3145.599
5.073889,1,0.593968,-0.7598716,-0.2447342,1.619695E+09,2905.792,2777.892
4.803558,1,1.050841,0.5296296,0.2865413,1.619695E+09,2986.365,3121.289
-2.356342,1,-0.2671976,1.34549,-0.3144352,1.619695E+09,2936.124,2982.136
-4.555912,1,-0.1905276,0.03158447,-0.6429262,1.619695E+09,3028.222,3167.811
-1.555566,1,-1.425025,-0.150726,0.5785364,1.619695E+09,3176.002,3129.719
0.0475838,1,-0.2721407,1.282007,-0.02745625,1.619695E+09,3094.61,2913.804
-4.997034,1,0.06168218,1.841902,-0.7803664,1.619695E+09,2864.469,3064.576
2.444592,1,0.1250892,0.3099251,0.3762972,1.619695E+09,3077.773,3031.825
-5.742386,1,-0.03870502,-0.1347563,-0.685699,1.619695E+09,2967.413,3115.356
7.01422,1,-0.6580473,-0.1756675,1.619546,1.619695E+09,3000.099,2925.397
1.418978,1,-0.6218451,0.4720144,0.6435466,1.619695E+09,2935.197,2961.717
-10.29161,1,1.48765,-1.287085,-1.133388,1.619695E+09,3123.168,2985.672
-9.870019,1,0.3684321,0.04930668,-0.9927139,1.619695E+09,2933.55,3018.528
